Vgas,Ang,ID,Vgas2,Vwater
0.5,0.04,25,4,25
350,0.04,25,4,25
50,0.241238,8.97687,5,8.97687
280,0.0397274,15.3841,3,15.3841
355,0.25,0.016,3,0.016
15,3.23746,0.885512,1,0.885512
0,0.01,0.1,2,0.1
90,0.00226645,1.5252,5,1.5252
280,1.59993,0.997193,5,0.997193
10,0.01,0.16,5,0.16
290,2.49654,0.154611,1,0.154611
50,2.56699,0.0234618,1,0.0234618
30,0.0433596,0.122948,5,0.122948
5,0.1,1.6,5,1.6
310,0.0063588,6.04296,5,6.04296
0.5,0.16,4,5,4
0.5,0.0025,0.1,5,0.1
85,0.268252,15.7593,4,15.7593
15,0.00238534,37.8057,4,37.8057
359,0.063,10,3,10
0.25,0.063,2.5,5,2.5
359,2.5,2.5,5,2.5
50,0.0223985,3.82187,5,3.82187
5,4,0.025,1,0.025
90,0.00232648,0.925583,5,0.925583
30,1.63494,0.052433,1,0.052433
359,0.004,1,2,1
2,2.5,0.025,5,0.025
270,0.104762,1.03046,4,1.03046
280,1.58906,10.3838,4,10.3838
280,2.53241,0.152871,1,0.152871
330,0.393302,0.0149998,3,0.0149998
290,1.00366,0.392171,4,0.392171
310,2.66084,9.64662,5,9.64662
280,2.58454,0.0980241,1,0.0980241
5,0.01,16,3,16
0.5,0.025,10,3,10
310,0.010208,0.0604296,5,0.0604296
330,2.54686,0.247871,1,0.247871
280,0.0997053,10.0169,3,10.0169
330,0.240967,16.3885,4,16.3885
2,1,6.3,5,6.3
355,0.004,16,3,16
0.5,1,6.3,5,6.3
359,2.6,0.04,1,0.04
85,0.00974575,26.6765,4,26.6765
50,1.53474,0.242292,5,0.242292
15,1.07303,0.361207,5,0.361207
80,0.0572549,10.3372,5,10.3372
0,0.4,1,5,1
50,0.260039,0.0242803,5,0.0242803
20,0.0103039,0.0238709,5,0.0238709
15,0.0772245,24.3298,4,24.3298
10,0.025,10,5,10
270,0.145083,10.539,4,10.539
10,2.5,1,5,1
5,2.5,0.1,5,0.1
5,4,1.6,5,1.6
0.5,0.4,0.63,5,0.63
0,0.025,2.5,3,2.5
20,0.0976392,15.2743,4,15.2743
330,2.30759,2.50533,3,2.50533
70,1.57627,6.28881,5,6.28881
359,0.0016,16,3,16
0,0.1,2.5,3,2.5
280,1.6153,3.78179,4,3.78179
359,0.0016,1.6,2,1.6
0,0.025,0.4,2,0.4
0.5,0.25,6.3,5,6.3
0,0.025,16,3,16
10,2.5,0.16,5,0.16
80,1.48551,2.63609,5,2.63609
1,0.01,2.5,5,2.5
0.5,4,1,5,1
0.25,0.63,25,5,25
70,0.0025706,0.943709,5,0.943709
2,2.5,1,5,1
50,1.01074,3.87814,5,3.87814
70,2.46412,10.1966,5,10.1966
50,1.51801,25.9711,5,25.9711
355,0.004,2.5,3,2.5
270,1.05577,1.11071,5,1.11071
20,0.0958984,0.151588,5,0.151588
30,0.0456418,0.0817247,5,0.0817247
70,0.933322,2.42292,5,2.42292
70,0.00258327,3.94548,5,3.94548
15,0.00542868,10.3873,5,10.3873
10,0.025,16,4,16
350,0.1,1,3,1
10,0.0025,0.63,5,0.63
85,0.0158694,9.94316,5,9.94316
290,0.0655065,16.2531,3,16.2531
85,1.07043,0.611988,5,0.611988
350,2.5,0.63,3,0.63
355,0.0016,6.3,3,6.3
310,0.00243949,0.0378552,5,0.0378552
0,0.4,0.4,5,0.4
290,1.65947,6.10142,4,6.10142
1,0.16,4,5,4
50,0.400667,0.0243315,5,0.0243315
0,0.01,0.4,2,0.4
2,4,4,5,4
310,1.67671,15.3993,5,15.3993
0.5,0.0025,1,5,1
20,1.61348,0.157251,5,0.157251
30,2.34651,1.74192,5,1.74192
85,0.0397693,3.7684,5,3.7684
350,1.6,0.016,3,0.016
280,3.95603,2.46863,1,2.46863
1,0.063,25,4,25
0,0.0025,0.4,2,0.4
355,2.5,0.016,1,0.016
15,3.01711,0.587458,1,0.587458
0,2.5,1,5,1
330,0.0954413,0.0965883,3,0.0965883
15,1.75751,0.0241456,1,0.0241456
30,0.00364456,5.845,5,5.845
330,0.0957368,0.989237,3,0.989237
70,0.152507,0.151614,5,0.151614
90,0.00233106,0.392281,5,0.392281
90,0.00237071,9.32503,5,9.32503
80,0.0973377,26.1505,4,26.1505
50,0.418979,0.0394354,5,0.0394354
10,4,1,5,1
0,4,1.6,1,1.6
350,0.63,6.3,3,6.3
50,0.104629,0.0156084,5,0.0156084
0,0.0025,1.6,2,1.6
270,0.1,18.3588,4,18.3588
280,0.261101,0.0958041,3,0.0958041
0,0.4,2.5,5,2.5
290,1.74167,0.0249304,1,0.0249304
350,0.4,6.3,3,6.3
1,4,0.1,1,0.1
50,0.00398981,0.0385856,5,0.0385856
0,1,0.1,5,0.1
0,4,0.4,1,0.4
80,0.103663,6.55709,5,6.55709
0.5,0.01,25,4,25
0.5,1,4,5,4
30,0.0303897,0.0539504,5,0.0539504
355,0.063,16,4,16
310,0.0390603,9.30572,5,9.30572
30,0.175075,0.131214,5,0.131214
80,0.00930572,6.26434,5,6.26434
290,3.94077,1.05012,1,1.05012
270,0.632917,0.24782,5,0.24782
355,0.0016,16,3,16
2,0.0063,16,3,16
290,1.67918,0.387079,5,0.387079
2,4,0.025,1,0.025
2,4,6.3,5,6.3
70,0.0159029,4.02727,5,4.02727
0,1.6,10,5,10
350,0.1,16,3,16
270,0.249636,17.8162,4,17.8162
20,0.0392143,6.4411,5,6.4411
330,1.59186,26.0845,5,26.0845
50,2.55116,0.246516,5,0.246516
290,2.35212,1.62235,5,1.62235
5,0.0025,25,3,25
310,0.0103532,3.78552,5,3.78552
0.25,0.04,6.3,3,6.3
0.5,2.5,4,5,4
330,0.00972557,0.994674,3,0.994674
310,0.105842,13.3352,4,13.3352
330,0.632093,0.0960873,3,0.0960873
270,0.00918255,27.1159,4,27.1159
310,0.00234453,6.04296,5,6.04296
1,2.5,0.1,5,0.1
15,0.0736795,0.926823,5,0.926823
0,0.16,1,2,1
90,0.00400104,2.43696,5,2.43696
50,0.0152143,6.27932,5,6.27932
0.25,0.01,6.3,3,6.3
0.25,0.0025,0.63,5,0.63
1,1,10,5,10
290,0.164369,0.0916941,3,0.0916941
280,0.591317,0.0237638,4,0.0237638
2,2.5,16,5,16
10,0.16,16,4,16
90,0.0540794,14.4522,4,14.4522
90,2.55475,0.960671,1,0.960671
1,0.0025,2.5,5,2.5
0,0.0025,2.5,2,2.5
290,2.47488,1.03249,5,1.03249
270,1.60468,0.047591,1,0.047591
359,0.4,16,4,16
355,2.5,0.4,5,0.4
280,0.609542,0.0626874,4,0.0626874
20,0.0964255,2.55763,5,2.55763
0.25,0.16,2.5,5,2.5
350,0.25,0.016,3,0.016
20,4.10412,0.617865,1,0.617865
330,1.62852,0.615006,3,0.615006
50,0.002409,2.44549,5,2.44549
310,0.00252548,14.3301,4,14.3301
80,0.00930572,0.626522,5,0.626522
310,0.107582,0.0378552,5,0.0378552
15,1.63789,2.41456,5,2.41456
10,2.5,0.4,5,0.4
15,0.0494171,23.9628,4,23.9628
5,1,6.3,5,6.3
10,4,1.6,5,1.6
2,0.0025,0.63,5,0.63
350,0.4,4,3,4
350,0.4,0.1,3,0.1
5,1.6,0.63,5,0.63
15,0.00910298,0.239628,5,0.239628
270,2.36449,6.82144,5,6.82144
85,0.01,16.1413,4,16.1413
90,0.928743,2.48451,5,2.48451
70,0.015941,6.5518,5,6.5518
0,0.01,25,4,25
0.25,4,0.4,1,0.4
0,4,0.1,1,0.1
310,0.64497,0.0365174,5,0.0365174
2,0.0025,0.1,5,0.1
0.25,4,2.5,5,2.5
70,0.00387323,0.154014,5,0.154014
20,0.0376482,0.0620737,5,0.0620737
270,0.961978,6.71988,5,6.71988
85,0.0154779,15.4649,4,15.4649
70,0.0981482,0.151897,5,0.151897
359,0.04,25,4,25
355,1.6,0.063,3,0.063
0.25,0.063,6.3,3,6.3
70,0.0231571,16.0359,4,16.0359
0,0.025,1,2,1
1,0.1,0.4,5,0.4
270,0.391374,0.0490404,4,0.0490404
355,0.025,25,4,25
15,0.00390694,25.0807,4,25.0807
5,0.0025,4,5,4
310,0.159746,6.04296,5,6.04296
290,2.43897,25.9711,5,25.9711
280,0.971259,0.0243315,5,0.0243315
30,0.420572,0.0832667,5,0.0832667
2,0.01,2.5,5,2.5
20,0.985213,0.98093,5,0.98093
5,0.16,6.3,5,6.3
0,0.1,25,4,25
80,0.222667,26.1836,4,26.1836
310,1.04998,0.0237137,5,0.0237137
290,0.00996353,16.3574,3,16.3574
80,0.147221,15.3733,4,15.3733
350,2.5,0.04,1,0.04
1,0.0025,1,5,1
10,4,0.63,1,0.63
30,2.49865,2.58873,5,2.58873
359,1.6,6.3,5,6.3
20,0.388632,0.155559,5,0.155559
270,0.594854,17.2896,4,17.2896
359,0.1,16,4,16
2,0.025,10,3,10
0.25,0.025,25,4,25
330,0.631206,0.0154231,3,0.0154231
1,1,2.5,5,2.5
0.25,0.016,2.5,3,2.5
70,0.562816,0.392557,5,0.392557
20,0.0374161,0.152807,5,0.152807
10,1,0.16,5,0.16
10,0.4,0.63,5,0.63
290,0.0401569,15.9746,3,15.9746
15,0.00238534,10.2306,5,10.2306
85,0.635344,0.244094,5,0.244094
290,4.03152,1.57772,1,1.57772
330,0.00953877,16.2486,3,16.2486
1,0.04,16,4,16
70,0.431711,15.2882,5,15.2882
350,2.5,1.6,3,1.6
280,0.00244034,24.5134,3,24.5134
0.5,0.25,25,4,25
30,1.0143,0.203,5,0.203
0.25,4,0.1,1,0.1
0,0.0025,6.3,3,6.3
10,0.0025,0.25,5,0.25
0.25,2.5,1,5,1
85,0.0239221,9.81767,5,9.81767
5,4,10,5,10
2,1.6,0.025,5,0.025
5,1,4,5,4
290,0.38989,26.1413,4,26.1413
30,1.54513,0.0224206,1,0.0224206
0.25,2.5,0.63,5,0.63
20,0.627403,15.3065,5,15.3065
85,1.15255,10.529,5,10.529
90,0.00222292,0.158639,5,0.158639
359,0.0016,1,2,1
0.5,0.16,10,4,10
0.25,0.063,25,4,25
2,0.0025,10,3,10
0.25,0.01,16,3,16
2,1.6,0.63,5,0.63
15,0.0754312,2.41456,5,2.41456
15,3.31442,0.885512,1,0.885512
80,0.00567422,4.12668,5,4.12668
70,0.0945867,0.92708,5,0.92708
270,0.57669,1.7683,4,1.7683
270,0.632917,6.42418,4,6.42418
85,0.00647036,6.07484,5,6.07484
355,1.6,2.5,5,2.5
0,0.25,4,5,4
85,0.00243264,16.4848,4,16.4848
90,0.39011,2.56167,5,2.56167
10,2.5,16,5,16
355,0.25,6.3,3,6.3
280,0.411625,0.238776,3,0.238776
350,0.004,25,3,25
70,2.53472,14.9006,5,14.9006
310,0.428869,0.0237137,5,0.0237137
90,0.375162,24.9615,5,24.9615
30,0.110851,0.0232125,5,0.0232125
0.25,0.01,1,5,1
90,0.00242394,24.929,4,24.929
310,1.08959,3.78552,5,3.78552
270,4.00584,4.09617,1,4.09617
0,0.01,6.3,3,6.3
350,1.6,10,5,10
5,0.01,0.025,5,0.025
10,4,2.5,5,2.5
1,1.6,1,5,1
80,0.0152614,0.15836,5,0.15836
350,0.25,16,4,16
0.5,0.25,10,4,10
0.5,2.5,1,5,1
350,0.63,4,3,4
10,2.5,0.63,5,0.63
310,0.257078,0.0237137,5,0.0237137
5,0.16,25,4,25
359,0.4,25,4,25
0,0.04,0.4,2,0.4
90,0.619082,15.1577,5,15.1577
20,0.0152914,6.19517,5,6.19517
50,0.0101701,0.0618734,5,0.0618734
20,0.629699,0.156128,5,0.156128
2,4,1,1,1
355,0.004,4,3,4
70,0.988681,0.385626,5,0.385626
0,0.004,16,3,16
20,0.00235609,24.0426,4,24.0426
0.5,0.4,1,5,1
10,2.5,0.025,5,0.025
50,0.0250427,0.024376,5,0.024376
359,1,0.04,5,0.04
0,1,1.6,5,1.6
90,0.0146973,10.0898,5,10.0898
0.5,1.6,1,5,1
30,0.0298773,5.96366,5,5.96366
310,0.00243008,0.148551,5,0.148551
359,0.25,16,4,16
15,1.59986,0.099243,5,0.099243
359,4,1.6,1,1.6
90,2.42394,0.371183,1,0.371183
15,4.19227,0.941017,1,0.941017
20,0.948929,0.156612,5,0.156612
280,0.607447,0.0380739,4,0.0380739
270,2.32811,25.9227,5,25.9227
280,1.54166,0.153474,5,0.153474
50,0.150442,3.968,5,3.968
90,2.59966,0.155062,1,0.155062
280,0.0594024,15.3129,3,15.3129
350,1.6,2.5,3,2.5
0,4,1,1,1
5,0.0025,6.3,5,6.3
355,1,25,5,25
20,0.0967377,1.59298,5,1.59298
0,1.6,16,5,16
355,1.6,0.4,3,0.4
0.5,0.4,16,4,16
15,0.0772245,0.0962716,5,0.0962716
290,0.390219,0.0160241,3,0.0160241
50,0.961413,25.5403,5,25.5403
280,0.00158583,9.42417,3,9.42417
350,0.0016,0.016,3,0.016
350,1.6,1.6,3,1.6
359,0.63,6.3,5,6.3
1,1,0.4,5,0.4
20,2.40663,1.00352,5,1.00352
10,0.004,16,3,16
85,1.19284,3.95676,5,3.95676
310,1.68557,2.37137,5,2.37137
359,1,1,5,1
330,0.618908,9.94534,3,9.94534
359,2.5,1,5,1
90,0.0357155,9.93731,5,9.93731
1,0.0025,0.4,5,0.4
359,0.63,1,3,1
15,0.00244205,0.578597,5,0.578597
330,0.603957,16.3586,4,16.3586
10,0.1,0.63,5,0.63
5,0.0025,0.63,5,0.63
1,4,0.4,1,0.4
50,0.00981344,0.148467,5,0.148467
50,0.150823,24.253,4,24.253
30,0.283316,0.126488,5,0.126488
10,0.0025,1.6,5,1.6
359,1.6,2.5,5,2.5
80,2.43623,6.96263,5,6.96263
310,2.61763,0.365174,5,0.365174
80,0.00598885,0.160196,5,0.160196
0,0.63,4,5,4
20,0.00625642,6.14574,5,6.14574
290,2.63868,0.037503,1,0.037503
85,0.0634095,9.72762,5,9.72762
10,0.0025,40,4,40
0,4,0.025,1,0.025
15,0.0790604,6.10209,5,6.10209
50,1.54339,0.0234058,5,0.0234058
70,2.45272,6.17865,5,6.17865
0,4,2.5,5,2.5
350,0.025,25,4,25
359,0.01,1.6,2,1.6
280,1.04894,1.626,4,1.626
80,4.03152,0.997473,1,0.997473
355,4,1,1,1
330,0.414062,0.0934241,3,0.0934241
90,2.66402,0.157503,1,0.157503
280,0.406566,0.0386997,3,0.0386997
20,0.095858,6.29699,5,6.29699
15,0.142253,9.33893,5,9.33893
80,2.5483,0.262463,1,0.262463
90,2.7223,1.55761,1,1.55761
20,2.45307,2.39953,5,2.39953
15,0.179929,23.9628,4,23.9628
70,0.00394964,24.0705,4,24.0705
290,0.239414,15.8639,4,15.8639
5,0.0025,10,3,10
10,0.0025,2.5,5,2.5
330,1.62714,0.155362,3,0.155362
15,1.09854,0.0962716,5,0.0962716
80,0.388905,26.0735,4,26.0735
20,0.0985352,0.095885,5,0.095885
280,0.268488,6.17865,3,6.17865
10,0.01,1.6,5,1.6
80,0.00228757,1.59611,5,1.59611
0.5,1,16,5,16
15,0.00364103,10.3873,5,10.3873
359,0.63,0.16,3,0.16
5,4.5,1,1,1
70,0.00241476,24.1425,4,24.1425
270,4.00584,1.66532,1,1.66532
290,0.0105367,0.094973,3,0.094973
0.5,1,0.025,5,0.025
0.5,1,0.63,5,0.63
30,0.00833603,0.0217105,5,0.0217105
359,0.025,10,3,10
270,1.53174,17.5509,5,17.5509
350,4,0.15,1,0.15
355,0.4,16,4,16
310,0.00391098,6.04296,5,6.04296
90,0.377914,3.90274,5,3.90274
310,0.0387133,0.0237137,5,0.0237137
0.5,0.4,6.3,5,6.3
0,0.16,2.5,5,2.5
1,1,0.025,5,0.025
50,0.103518,0.0374424,5,0.0374424
330,1.7087,0.0224963,3,0.0224963
90,0.943212,3.90487,5,3.90487
90,0.150992,0.154537,5,0.154537
0.5,2.5,10,5,10
359,0.63,0.1,3,0.1
50,0.10728,0.974199,5,0.974199
70,1.60827,3.86807,5,3.86807
80,3.75162,0.165854,1,0.165854
80,0.101815,4.17275,5,4.17275
0.25,1,16,5,16
280,1.66684,0.0155471,1,0.0155471
359,0.0016,6.3,2,6.3
0.25,0.01,1.6,5,1.6
290,0.255547,0.09755,3,0.09755
50,3.88141,0.619517,1,0.619517
280,1.67718,0.0368059,1,0.0368059
0,0.63,16,4,16
0.5,0.0025,10,3,10
50,0.014922,3.81596,5,3.81596
15,0.00889159,10.3873,5,10.3873
1,0.1,4,5,4
30,0.00513536,5.87795,5,5.87795
359,0.0025,25,3,25
30,0.153086,15.1673,4,15.1673
50,0.0395853,0.0244309,5,0.0244309
0.25,0.04,4,3,4
70,0.371072,0.399332,5,0.399332
5,0.4,16,5,16
290,1.71062,1.62018,5,1.62018
10,0.04,16,4,16
0.5,0.063,25,4,25
1,0.1,0.63,5,0.63
70,0.0613538,3.76191,5,3.76191
280,0.399093,2.63127,3,2.63127
0,0.4,0.63,5,0.63
310,0.252193,23.7137,4,23.7137
85,1.79586,3.96549,5,3.96549
85,0.454466,6.41902,5,6.41902
0.25,0.04,0.025,5,0.025
30,0.0443394,0.0232419,5,0.0232419
355,1.6,1,3,1
85,0.00237671,10.2858,5,10.2858
20,3.29429,0.975843,5,0.975843
330,1.58784,0.385044,3,0.385044
15,0.00250011,15.6574,3,15.6574
280,0.611301,0.0951868,4,0.0951868
355,1,6.3,5,6.3
70,0.00229143,9.40003,5,9.40003
270,0.0028702,17.2896,4,17.2896
15,0.123548,0.158972,5,0.158972
310,2.6749,1.48551,5,1.48551
0,0.1,0.1,2,0.1
0,1.6,1,5,1
280,2.54132,0.248185,1,0.248185
20,0.954279,0.0607105,5,0.0607105
330,0.377065,41.1683,4,41.1683
30,2.31376,0.196736,1,0.196736
355,0.01,4,3,4
270,1.00778,0.0992528,5,0.0992528
80,0.371803,16.3448,5,16.3448
30,0.108661,15.0802,4,15.0802
0,0.04,16,4,16
330,1.59007,4.06452,3,4.06452
310,4.15899,0.143301,1,0.143301
90,0.0352071,3.71901,5,3.71901
50,0.00233697,3.78818,5,3.78818
330,2.30889,6.3933,5,6.3933
70,2.42564,0.14316,1,0.14316
350,0.004,10,3,10
0.5,0.01,6.3,3,6.3
30,0.0732499,4.19922,5,4.19922
30,2.44756,0.460154,1,0.460154
0,2.5,0.04,5,0.04
280,4.21756,0.974883,1,0.974883
90,0.00604976,10.0859,5,10.0859
15,2.55955,0.236014,1,0.236014
280,4.06223,3.59724,1,3.59724
0.5,1,2.5,5,2.5
15,0.020717,15.8972,4,15.8972
85,2.5183,1.46899,5,1.46899
359,0.01,10,3,10
270,1.60468,0.251566,5,0.251566
0,0.1,0.4,2,0.4
330,0.0023206,39.1758,4,39.1758
10,0.1,0.1,5,0.1
50,0.0370134,6.20563,5,6.20563
30,0.071591,22.8789,4,22.8789
5,2.5,0.63,5,0.63
280,0.246534,25.1415,4,25.1415
270,0.39749,27.1159,4,27.1159
70,0.422824,24.4868,5,24.4868
80,0.0368473,6.24587,5,6.24587
1,0.01,0.1,5,0.1
30,0.277133,0.0231832,5,0.0231832
350,1.73825,16,5,16
50,2.45824,0.599981,5,0.599981
280,0.156755,15.5559,4,15.5559
90,2.52051,0.592512,1,0.592512
10,0.01,0.25,5,0.25
70,0.010038,16.3626,4,16.3626
350,0.016,16,3,16
270,0.642807,0.0461844,5,0.0461844
10,0.1,0.04,5,0.04
30,0.0123745,0.0813237,5,0.0813237
270,3.94421,1.04603,1,1.04603
359,0.063,25,4,25
280,1.55657,15.7672,5,15.7672
30,0.168296,0.0833369,5,0.0833369
30,0.0191095,0.0842792,5,0.0842792
355,0.16,25,4,25
70,2.87325,1.48181,1,1.48181
0,0.4,0.1,5,0.1
355,0.004,6.3,3,6.3
10,0.016,10,5,10
355,1.6,0.016,3,0.016
355,0.16,10,3,10
310,1.74474,0.0930572,5,0.0930572
310,0.250269,0.0378552,5,0.0378552
15,2.81177,0.361207,1,0.361207
310,0.420631,24.5824,5,24.5824
0,0.0063,0.025,2,0.025
80,2.48045,11.4316,5,11.4316
90,0.964933,0.365091,5,0.365091
290,1.57583,0.0374372,5,0.0374372
20,0.101259,0.0597288,5,0.0597288
270,0.253536,27.1159,4,27.1159
359,0.0016,10,3,10
5,0.4,25,4,25
330,1.62669,0.0917199,3,0.0917199
310,0.00618343,14.3301,4,14.3301
15,2.55955,0.151886,1,0.151886
0.5,4,0.1,1,0.1
310,1.72474,6.04296,5,6.04296
359,0.4,6.3,5,6.3
290,0.649199,0.0949797,3,0.0949797
15,0.274647,0.158972,5,0.158972
359,1.6,0.63,5,0.63
359,1,0.1,5,0.1
70,0.00612505,9.63578,5,9.63578
355,1,2.5,3,2.5
70,0.0395631,6.42009,5,6.42009
80,0.252548,10.0296,5,10.0296
70,0.0242053,6.53639,5,6.53639
330,1.5473,0.0370134,3,0.0370134
0.5,0.1,0.63,5,0.63
30,0.0750105,0.737665,5,0.737665
50,0.10236,0.0925746,5,0.0925746
85,2.77211,3.85497,5,3.85497
0.25,0.04,10,3,10
0.25,0.063,10,3,10
310,0.0391098,6.04296,5,6.04296
85,0.0038765,6.24412,5,6.24412
330,0.00146973,0.970236,3,0.970236
290,0.00433596,25.214,3,25.214
0.25,0.63,6.3,5,6.3
50,4.76006,3.84287,1,3.84287
20,0.00245548,2.51627,5,2.51627
70,0.00243247,0.154323,5,0.154323
0.5,0.01,1,5,1
270,0.652852,0.158015,5,0.158015
20,3.7453,0.242871,1,0.242871
0.25,0.0025,10,3,10
30,0.427605,0.131067,5,0.131067
20,2.56591,0.0602262,5,0.0602262
0.25,0.16,16,4,16
0.5,2.5,16,5,16
355,1,16,5,16
350,2.5,0.025,1,0.025
270,1.57999,0.151061,5,0.151061
355,0.016,25,4,25
0,4,0.04,1,0.04
70,2.03771,1.48441,5,1.48441
50,0.00238407,6.14142,5,6.14142
310,0.00998736,0.0153993,5,0.0153993
30,1.54144,0.129802,5,0.129802
80,0.956024,4.10701,5,4.10701
0.5,4,2.5,5,2.5
50,2.44172,0.97201,5,0.97201
0,0.4,16,4,16
20,4.08341,1.54665,5,1.54665
1,1,25,5,25
70,0.149977,14.9236,4,14.9236
15,2.87862,0.596455,1,0.596455
359,0.4,2.5,3,2.5
359,1.6,1,5,1
50,2.50568,6.30496,5,6.30496
50,0.627667,2.46239,5,2.46239
15,0.0093194,1.44018,5,1.44018
50,1.53733,10.0451,5,10.0451
330,0.00159499,15.1545,3,15.1545
90,3.66717,1.53388,1,1.53388
310,0.0103271,9.30572,5,9.30572
0.5,0.016,25,4,25
1,0.0063,10,3,10
85,1.06196,0.380913,5,0.380913
290,0.0107642,0.979759,3,0.979759
90,0.96901,1.02165,5,1.02165
70,0.97598,25.1132,5,25.1132
350,4,1.6,1,1.6
5,0.01,4,5,4
80,0.0093898,9.84383,5,9.84383
355,0.01,0.016,2,0.016
290,0.621348,16.1757,4,16.1757
359,1.6,0.4,5,0.4
330,3.98645,2.50216,1,2.50216
359,4,0.1,1,0.1
350,0.0016,1,3,1
0.25,0.4,25,4,25
10,0.4,40,5,40
290,0.101615,24.829,4,24.829
0,2.5,0.63,5,0.63
280,0.991116,0.0149809,5,0.0149809
50,0.0383586,0.0395909,5,0.0395909
280,0.0100989,25.4365,4,25.4365
280,0.407911,0.0628727,3,0.0628727
15,0.00250011,4.04819,5,4.04819
80,0.0567422,6.29611,5,6.29611
70,0.984383,3.93772,5,3.93772
15,0.0754312,0.166388,5,0.166388
85,2.83834,1.00242,1,1.00242
1,4,4,5,4
20,2.12636,0.0244,5,0.0244
70,2.47558,0.0921689,1,0.0921689
1,0.25,10,5,10
70,0.941094,6.40342,5,6.40342
0.25,0.1,1,5,1
330,0.16203,25.8146,4,25.8146
5,0.1,0.1,5,0.1
359,1,6.3,5,6.3
90,0.00237337,6.02357,5,6.02357
70,2.5641,3.80017,5,3.80017
5,0.25,16,4,16
2,0.4,16,5,16
280,0.395965,26.7415,4,26.7415
20,1.04512,9.42947,5,9.42947
20,3.79404,0.0233959,1,0.0233959
5,4,0.25,1,0.25
2,0.4,10,5,10
70,3.69615,0.235825,1,0.235825
0,0.063,16,4,16
330,0.0145657,25.1804,4,25.1804
290,1.6162,9.73309,4,9.73309
270,0.245795,0.100753,4,0.100753
80,0.00588208,6.58295,5,6.58295
280,0.967037,0.374793,4,0.374793
15,1.09854,1.41845,5,1.41845
0,0.063,1.6,3,1.6
310,0.166193,0.0378552,5,0.0378552
310,4.15315,0.237137,1,0.237137
15,0.00910298,0.0962716,5,0.0962716
350,0.16,4,3,4
0.25,0.0063,6.3,3,6.3
85,2.71533,0.393966,1,0.393966
310,2.67791,0.964662,5,0.964662
0,2.5,1.6,5,1.6
0,0.1,1.6,3,1.6
30,0.00814724,0.127094,5,0.127094
80,0.149893,6.50935,5,6.50935
0.5,0.0025,4,5,4
330,1.70822,0.0147138,3,0.0147138
0.25,0.0025,0.025,5,0.025
359,0.25,0.016,3,0.016
0,0.063,0.63,2,0.63
30,0.0736629,14.9809,4,14.9809
2,0.01,4,5,4
330,1.03955,0.0918359,3,0.0918359
80,2.26709,2.6191,5,2.6191
0.5,1.6,0.4,5,0.4
280,0.157119,0.0162098,3,0.0162098
359,2.6,0.25,1,0.25
350,0.1,6.3,3,6.3
0,0.063,0.4,2,0.4
0.5,0.01,10,3,10
70,2.55942,0.232648,1,0.232648
1,0.4,25,5,25
330,1.66836,0.241001,3,0.241001
310,0.00604976,3.78552,5,3.78552
70,0.237838,0.246075,5,0.246075
30,0.00208142,14.318,4,14.318
10,0.0025,16,3,16
15,0.00372759,6.29042,5,6.29042
2,0.004,25,3,25
70,0.0247419,4.01766,5,4.01766
0,1,0.025,5,0.025
0,3.4,0.63,5,0.63
359,0.1,0.016,3,0.016
15,1.59986,0.361207,5,0.361207
5,0.004,10,3,10
0.25,0.0025,0.1,5,0.1
330,0.0097969,39.0768,4,39.0768
15,2.27585,0.587458,5,0.587458
50,2.13474,0.0379777,5,0.0379777
310,0.103271,9.30572,5,9.30572
5,0.006,25,4,25
90,2.58218,0.61129,1,0.61129
80,0.248045,0.169435,5,0.169435
350,1.6,0.025,3,0.025
355,0.004,1,2,1
2,2.5,4,5,4
0.5,2.5,0.1,5,0.1
2,0.25,16,4,16
290,0.00159454,0.015969,3,0.015969
90,0.0885159,14.682,4,14.682
50,3.76324,0.944804,1,0.944804
80,0.381972,6.62471,5,6.62471
355,1.6,25,5,25
1,1,0.1,5,0.1
310,0.428296,0.0378552,5,0.0378552
359,0.63,16,5,16
355,0.004,0.016,2,0.016
290,1.65296,16.2486,4,16.2486
5,0.1,0.025,5,0.025
30,0.0755076,0.0835597,5,0.0835597
90,0.0362515,25.3388,4,25.3388
350,0.63,25,4,25
0.5,0.0025,0.025,5,0.025
290,0.983,0.154068,4,0.154068
30,0.00354255,9.05289,4,9.05289
359,1.6,0.04,5,0.04
310,2.65747,15.3993,5,15.3993
355,2.5,0.1,1,0.1
280,0.961076,0.156172,5,0.156172
2,0.04,25,4,25
355,0.016,10,3,10
355,2.5,2.5,5,2.5
330,0.396076,25.7711,4,25.7711
50,2.41238,2.43829,5,2.43829
0,0.1,0.025,2,0.025
355,0.016,4,3,4
70,0.0617257,9.65408,5,9.65408
310,0.00386616,0.0378552,5,0.0378552
2,0.01,0.4,5,0.4
1,0.16,25,4,25
0.5,1.6,0.1,5,0.1
20,0.0956024,0.23965,5,0.23965
0,0.16,0.025,2,0.025
90,1.54556,4.02968,5,4.02968
90,0.903509,9.79708,5,9.79708
350,1.6,6.3,5,6.3
90,0.00609414,2.51499,5,2.51499
50,0.061492,6.21785,5,6.21785
90,0.0144515,3.71705,5,3.71705
0,4,0.063,1,0.063
1,0.63,25,5,25
2,0.016,4,5,4
0,1,16,5,16
90,0.0559818,6.22462,5,6.22462
310,0.0256789,0.0365174,5,0.0365174
15,0.702973,2.5272,5,2.5272
15,0.00399982,15.4212,3,15.4212
50,1.01815,15.7672,5,15.7672
350,1.6,0.25,3,0.25
270,0.663054,0.10539,5,0.10539
310,0.100904,3.92419,5,3.92419
85,2.61285,2.5885,5,2.5885
359,2.5,0.063,1,0.063
1,1.6,2.5,5,2.5
50,0.014689,14.1819,4,14.1819
15,2.50011,0.151886,1,0.151886
15,0.00244205,1.41845,5,1.41845
270,1.55568,1.07789,5,1.07789
350,0.4,10,4,10
2,0.1,16,4,16
0.25,1,0.4,5,0.4
50,0.0908347,23.1376,4,23.1376
80,1.48551,1.02217,5,1.02217
310,0.106356,2.28757,5,2.28757
350,0.1,0.016,3,0.016
355,2.5,0.16,1,0.16
350,2.5,2.5,5,2.5
350,1,4,3,4
2,0.01,6.3,5,6.3
359,0.63,0.063,3,0.063
355,0.63,6.3,5,6.3
355,0.1,0.1,3,0.1
80,0.00365174,6.42934,5,6.42934
85,0.0102569,0.375182,5,0.375182
280,0.0104975,0.0968874,3,0.0968874
0,0.16,0.1,2,0.1
270,0.00992277,16.5288,4,16.5288
50,2.41374,15.5778,5,15.5778
330,2.54615,0.15745,1,0.15745
50,0.0237939,14.2078,4,14.2078
20,0.161666,24.6447,4,24.6447
280,0.643025,0.154578,4,0.154578
280,1.50104,0.0997754,5,0.0997754
5,1,2.5,5,2.5
0.5,0.0025,25,4,25
15,0.0323746,9.92429,5,9.92429
85,0.279332,6.40089,5,6.40089
30,0.00218206,0.0550069,5,0.0550069
5,0.01,25,4,25
1,0.016,10,3,10
310,2.65374,25.483,5,25.483
0,4,6.3,5,6.3
2,1,0.63,5,0.63
5,0.025,16,4,16
330,0.416162,16.3701,4,16.3701
80,0.00375162,15.4231,4,15.4231
359,0.016,6.3,3,6.3
5,0.1,25,4,25
290,0.161893,16.076,3,16.076
1,0.1,16,4,16
70,0.0618995,15.4654,4,15.4654
50,0.00584254,0.0392419,5,0.0392419
85,1.73295,0.585579,5,0.585579
70,0.24617,24.9435,4,24.9435
85,0.269017,2.3351,5,2.3351
0.25,0.0025,4,3,4
10,0.063,16,4,16
280,1.62098,6.14056,4,6.14056
350,0.0016,10,3,10
0,0.004,2.5,2,2.5
85,0.161189,0.153787,5,0.153787
80,0.248045,6.19952,5,6.19952
0.25,0.16,0.025,5,0.025
10,0.063,25,4,25
0.25,4,6.3,5,6.3
20,0.00990071,6.07703,5,6.07703
5,4,1,5,1
70,0.0243076,0.152807,5,0.152807
280,0.00153312,0.0153841,3,0.0153841
0.25,0.004,25,4,25
359,0.63,4,5,4
15,0.00244205,6.01005,5,6.01005
310,0.0263738,0.0237137,5,0.0237137
0.25,0.1,2.5,5,2.5
359,0.0016,2.5,2,2.5
10,2.5,10,5,10
355,0.1,6.3,3,6.3
30,0.00830446,5.75372,5,5.75372
90,1.48634,2.4853,5,2.4853
85,0.164566,15.2359,4,15.2359
359,4,0.25,1,0.25
30,0.0300458,0.0227763,5,0.0227763
0.25,0.25,10,4,10
350,1,10,5,10
280,0.152667,10.2418,3,10.2418
30,1.33015,0.0530482,5,0.0530482
50,0.00227923,0.381811,5,0.381811
85,0.00598696,9.44207,5,9.44207
0,0.01,0.63,2,0.63
330,0.0239549,40.1738,4,40.1738
80,0.0224679,6.09671,5,6.09671
50,2.4728,0.38165,5,0.38165
0.25,0.0063,10,3,10
270,2.51578,9.92528,5,9.92528
350,0.1,25,4,25
0,2.5,0.025,5,0.025
0.25,0.0025,6.3,3,6.3
359,1,0.63,5,0.63
0.25,0.0025,25,4,25
355,0.63,10,5,10
359,0.1,0.1,3,0.1
350,0.25,10,3,10
0.5,0.004,25,4,25
355,0.1,16,4,16
1,0.1,0.1,5,0.1
310,4.14295,0.604296,1,0.604296
10,0.01,25,4,25
290,0.165203,0.015978,3,0.015978
70,0.164971,9.74644,5,9.74644
5,0.01,0.63,5,0.63
330,0.00148426,39.2033,4,39.2033
330,0.99244,16.3425,4,16.3425
80,0.385423,0.23891,5,0.23891
85,0.739403,6.43725,5,6.43725
20,0.00594191,9.56158,5,9.56158
350,4,0.4,1,0.4
1,0.25,25,4,25
290,0.643567,0.966765,3,0.966765
5,0.16,10,5,10
2,0.04,10,3,10
50,0.640679,25.1238,5,25.1238
85,0.0987258,0.988568,5,0.988568
280,0.410499,0.159365,3,0.159365
10,3,0.025,1,0.025
280,0.098231,0.983415,3,0.983415
2,0.04,4,5,4
50,2.51981,0.0939244,5,0.0939244
15,0.00381621,35.5758,4,35.5758
355,0.01,16,3,16
310,1.67895,9.64662,5,9.64662
50,0.101729,0.150019,5,0.150019
270,0.253536,1.01511,4,1.01511
70,3.89015,3.56829,1,3.56829
355,1.6,0.63,3,0.63
30,2.30403,0.0542698,1,0.0542698
15,2.50011,0.0919806,1,0.0919806
20,3.92088,0.378552,1,0.378552
359,0.004,25,3,25
50,0.991603,2.42974,5,2.42974
0,0.63,0.63,5,0.63
280,0.0945136,0.0952671,3,0.0952671
290,0.635657,26.2002,4,26.2002
359,2.5,0.025,1,0.025
290,0.00171255,25.4883,3,25.4883
15,1.52642,0.151886,5,0.151886
310,0.00241764,0.930572,5,0.930572
350,2.5,0.25,3,0.25
0.5,0.16,16,4,16
310,0.0154112,0.0237137,5,0.0237137
30,0.63915,0.0532424,5,0.0532424
270,2.59502,0.0757668,1,0.0757668
90,0.00928482,2.51569,5,2.51569
15,0.0093194,0.596455,5,0.596455
270,0.60415,0.017683,5,0.017683
80,0.0093898,3.98813,5,3.98813
270,1.07227,2.5346,5,2.5346
0,0.4,6.3,5,6.3
0,0.63,10,5,10
2,0.0025,16,3,16
15,0.429193,0.156574,5,0.156574
50,1.02706,0.0237137,5,0.0237137
20,0.158293,15.3431,4,15.3431
50,1.01444,0.0613194,5,0.0613194
90,3.61498,0.991377,1,0.991377
355,0.01,2.5,3,2.5
10,0.0025,4,5,4
85,0.17167,6.28605,5,6.28605
10,4,0.4,1,0.4
90,1.53302,0.592242,5,0.592242
50,0.0102274,0.0376006,5,0.0376006
5,0.01,0.4,5,0.4
20,3.86725,0.0585816,1,0.0585816
80,0.00947464,16.162,4,16.162
280,0.983346,4.0123,4,4.0123
20,3.22375,0.61665,5,0.61665
290,0.981344,0.24579,4,0.24579
0.5,0.63,4,5,4
85,0.0022854,1.06636,5,1.06636
290,0.0105604,0.0153614,3,0.0153614
290,1.00197,0.616304,4,0.616304
30,0.0049518,0.0813923,5,0.0813923
0,3.46184,0.4,5,0.4
290,0.613711,0.624412,3,0.624412
50,1.55559,0.598801,5,0.598801
70,0.237037,0.153647,5,0.153647
20,2.47836,0.394909,5,0.394909
85,0.0251035,3.87551,5,3.87551
355,4,0.1,1,0.1
359,0.004,0.1,2,0.1
0.5,0.01,4,5,4
15,0.117877,24.3298,4,24.3298
310,0.0104196,0.378552,5,0.378552
359,0.1,25,4,25
355,0.01,1.6,3,1.6
80,0.100904,2.65542,5,2.65542
310,0.00401766,3.78552,5,3.78552
15,0.0323746,15.4212,4,15.4212
359,0.4,25,4,25
290,1.60534,0.159074,5,0.159074
2,1,1.6,5,1.6
10,0.1,0.4,5,0.4
50,4.03039,0.0386671,1,0.0386671
2,2.5,2.5,5,2.5
85,0.00392529,0.157104,5,0.157104
350,0.4,0.016,3,0.016
15,1.07303,0.243298,5,0.243298
350,1.6,0.63,3,0.63
359,4,1,1,1
2,2.5,10,5,10
80,0.0375162,0.165878,5,0.165878
20,3.84719,0.151205,1,0.151205
50,0.645741,0.038337,5,0.038337
290,0.0252335,15.7019,3,15.7019
290,0.25706,0.0155264,3,0.0155264
90,1.53949,1.53286,5,1.53286
80,0.023291,0.164369,5,0.164369
0.25,0.0025,16,3,16
355,2.5,4,5,4
70,0.00158985,24.9531,4,24.9531
350,0.004,16,3,16
280,0.00152025,24.99,3,24.99
355,0.63,25,5,25
330,0.0227731,25.5296,4,25.5296
0,0.025,0.025,2,0.025
270,0.385353,1.01511,4,1.01511
359,0.16,16,4,16
85,0.00244421,6.51828,5,6.51828
1,1,1,5,1
80,0.00224679,10.0084,5,10.0084
90,0.0924056,3.60692,5,3.60692
1,0.01,4,5,4
5,1,1.6,5,1.6
20,0.25587,24.7488,4,24.7488
355,4,0.25,1,0.25
30,2.37004,4.25447,5,4.25447
0.25,0.1,25,4,25
330,0.0615093,25.8582,4,25.8582
10,1,0.025,5,0.025
0.25,0.025,0.025,5,0.025
0,4,0.63,1,0.63
5,0.1,2.5,5,2.5
10,1,0.63,5,0.63
85,2.25605,0.971276,5,0.971276
290,0.105012,0.988959,3,0.988959
70,3.95408,1.52501,1,1.52501
20,0.0961548,3.98309,5,3.98309
10,0.25,40,4,40
280,0.932536,0.0616564,5,0.0616564
0.5,0.06,10,3,10
310,0.00247071,3.78552,5,3.78552
15,0.00910298,0.912843,5,0.912843
50,0.983553,0.0935292,5,0.0935292
355,2.5,0.63,5,0.63
0.5,0.4,4,5,4
350,0.1,0.1,3,0.1
50,1.62486,0.151865,5,0.151865
0,0.063,10,3,10
2,0.01,25,4,25
330,1.59141,16.3287,5,16.3287
10,0.25,16,4,16
30,2.40561,0.314455,1,0.314455
330,2.7415,0.0245238,1,0.0245238
15,0.0202359,6.01005,5,6.01005
359,2.5,6.3,5,6.3
355,0.0016,25,3,25
290,0.669773,0.0158127,3,0.0158127
15,2.44205,2.48908,5,2.48908
0,1.6,6.3,5,6.3
50,0.0368059,9.75843,5,9.75843
310,0.683898,25.483,5,25.483
359,0.63,0.25,3,0.25
2,4,0.1,1,0.1
80,0.92224,6.63869,5,6.63869
310,0.106088,5.82942,5,5.82942
30,0.63673,1.75667,5,1.75667
50,0.0158427,0.0243247,5,0.0243247
270,2.5551,0.244131,1,0.244131
1,0.004,16,3,16
270,4.00584,2.49686,1,2.49686
5,0.01,1,5,1
0.5,0.63,6.3,5,6.3
15,0.0494171,6.19554,5,6.19554
310,2.55421,0.237137,5,0.237137
310,2.62758,0.0930572,5,0.0930572
310,0.0155668,6.26434,5,6.26434
50,0.00618212,0.0242155,5,0.0242155
290,0.67336,2.57476,3,2.57476
0,0.0025,25,3,25
0,0.63,1,5,1
355,0.004,1.6,3,1.6
290,0.391098,10.118,3,10.118
90,0.606168,0.235825,5,0.235825
355,0.01,1,2,1
270,0.362178,10.539,4,10.539
330,0.0152914,15.9993,3,15.9993
0,0.063,2.5,3,2.5
80,0.0093898,26.1358,4,26.1358
350,0.1,10,3,10
0.25,0.25,16,4,16
0.5,0.0025,16,3,16
280,0.0272901,25.4722,4,25.4722
330,0.0599391,15.7251,3,15.7251
0,0.0025,0.025,2,0.025
330,2.81016,0.0153517,1,0.0153517
0,0.1,16,4,16
80,0.0378552,16.1144,4,16.1144
290,0.166134,10.2324,3,10.2324
80,0.00220673,0.957638,5,0.957638
310,4.13742,0.930572,1,0.930572
15,0.20717,14.5116,5,14.5116
90,2.41238,4.03074,5,4.03074
2,0.4,25,4,25
280,0.00990976,0.965204,3,0.965204
90,2.77094,0.247532,1,0.247532
30,0.00509511,0.0525362,5,0.0525362
50,0.101444,0.0241713,5,0.0241713
10,4,4,5,4
10,1.6,0.25,5,0.25
10,1.6,0.1,5,0.1
30,1.9131,0.317966,5,0.317966
20,0.9516,0.0975157,5,0.0975157
280,0.157229,24.6066,4,24.6066
280,0.4129,0.377595,3,0.377595
70,0.0384828,3.77144,5,3.77144
85,0.111495,9.7616,5,9.7616
270,3.76494,0.657037,1,0.657037
0,0.25,1.6,5,1.6
10,0.04,10,5,10
70,0.00402756,6.60287,5,6.60287
80,2.43623,0.418097,1,0.418097
20,0.00243966,5.91109,5,5.91109
20,0.612935,0.246898,5,0.246898
350,0.16,16,4,16
359,4,2.5,1,2.5
90,3.66511,1.55797,1,1.55797
0,0.004,25,4,25
30,0.0737043,2.66964,5,2.66964
290,1.54774,2.70324,4,2.70324
359,0.63,0.63,3,0.63
280,0.393385,10.2692,4,10.2692
15,0.00238534,0.025272,5,0.025272
10,0.0025,0.16,5,0.16
2,0.0025,1.6,5,1.6
290,0.105693,0.0987084,3,0.0987084
310,0.102476,0.0148551,5,0.0148551
310,0.064497,0.0365174,5,0.0365174
270,0.253536,10.2276,4,10.2276
50,0.00231344,9.37266,5,9.37266
350,0.01,1,3,1
70,0.0378711,16.4832,4,16.4832
2,0.1,0.025,5,0.025
350,4,2.5,1,2.5
355,0.25,16,4,16
359,0.025,25,4,25
10,0.01,2.5,5,2.5
280,1.90693,0.151162,1,0.151162
15,0.702973,1.48463,5,1.48463
30,2.39011,0.0209698,1,0.0209698
310,1.07589,0.0365174,5,0.0365174
90,0.0963849,0.152065,5,0.152065
280,1.9466,0.0995793,1,0.0995793
30,0.00801437,15.3022,4,15.3022
270,0.0939862,10.86,4,10.86
310,2.63423,0.0365174,1,0.0365174
2,0.1,4,5,4
310,0.101966,0.0897687,5,0.0897687
10,0.16,10,5,10
1,0.25,4,5,4
355,0.0016,10,3,10
0.25,1,1,5,1
310,1.62212,0.0237137,5,0.0237137
0,0.4,1.6,5,1.6
5,0.025,6.3,5,6.3
5,1,0.63,5,0.63
85,4.53891,1.69055,1,1.69055
85,0.109135,15.9067,4,15.9067
330,0.00390109,16.0421,3,16.0421
20,3.86073,6.31383,5,6.31383
15,0.0754312,15.4212,4,15.4212
270,0.0028702,10.2276,4,10.2276
1,0.1,1,5,1
50,0.00378658,3.79564,5,3.79564
2,2.5,1.6,5,1.6
359,0.0016,25,3,25
0.5,0.63,10,5,10
310,0.252868,8.97687,5,8.97687
10,0.0063,16,3,16
80,1.53993,1.60737,5,1.60737
50,0.00248744,0.0150992,5,0.0150992
280,1.60522,0.0589781,1,0.0589781
310,0.0619822,6.04296,5,6.04296
0,0.015,1.6,2,1.6
359,0.16,10,4,10
10,1.6,1,5,1
20,0.0156194,9.35686,5,9.35686
310,0.00239583,25.483,4,25.483
20,1.53323,0.252512,5,0.252512
0,0.25,2.5,5,2.5
1,0.0025,4,5,4
80,0.0142018,15.8182,4,15.8182
50,1.58694,6.10785,5,6.10785
0.25,0.004,16,3,16
350,0.1,0.04,3,0.04
15,0.00954095,5.91939,5,5.91939
0.5,0.1,2.5,5,2.5
350,0.01,10,3,10
70,0.00613883,16.4109,4,16.4109
359,1.8,0.025,1,0.025
1,3,0.025,1,0.025
50,0.0603448,3.72221,5,3.72221
350,0.63,10,4,10
85,1.9251,10.4025,5,10.4025
80,0.023291,4.0571,5,4.0571
0.5,4,0.63,5,0.63
355,0.0063,16,3,16
290,2.56843,0.0625994,1,0.0625994
80,0.102735,0.164208,5,0.164208
80,0.897687,1.04248,5,1.04248
80,3.88905,0.260771,1,0.260771
310,0.0159365,13.8237,4,13.8237
359,4,0.63,1,0.63
0,0.04,0.63,2,0.63
5,0.16,16,4,16
10,0.63,0.25,5,0.25
350,0.16,0.016,3,0.016
30,0.110059,5.91691,5,5.91691
0.25,0.025,6.3,3,6.3
30,0.428387,0.0226582,5,0.0226582
290,0.990767,10.1608,4,10.1608
330,0.103547,15.941,3,15.941
280,0.0161643,15.3409,3,15.3409
0,3.4,1,5,1
0,4,0.16,1,0.16
15,0.0754312,1.48463,5,1.48463
359,0.0063,25,3,25
330,2.48814,10.213,5,10.213
20,0.0097201,0.0971601,5,0.0971601
80,0.101815,10.4512,5,10.4512
50,0.00999438,2.35047,5,2.35047
20,0.0591275,6.46468,5,6.46468
50,1.04688,0.0390109,5,0.0390109
290,0.998034,1.56854,4,1.56854
15,1.63789,3.86775,5,3.86775
350,0.0016,16,3,16
30,1.56656,0.207383,5,0.207383
280,0.0253437,15.6766,3,15.6766
70,0.00401964,3.99626,5,3.99626
80,0.148551,4.08169,5,4.08169
0,1.6,2.5,5,2.5
310,0.0650843,13.8237,4,13.8237
270,1.65522,6.23431,5,6.23431
0.5,0.4,0.025,5,0.025
310,1.04725,0.0604296,5,0.0604296
0.25,0.025,4,3,4
5,1.6,0.4,5,0.4
90,0.0234025,14.6753,4,14.6753
290,0.653777,10.1422,3,10.1422
359,1,0.16,5,0.16
50,0.102908,0.0597708,5,0.0597708
50,0.0987154,13.0442,4,13.0442
5,2.5,0.25,5,0.25
0.25,1,4,5,4
80,0.93898,16.3954,5,16.3954
30,0.6353,0.0813695,5,0.0813695
2,0.25,6.3,5,6.3
15,0.0772245,0.239628,5,0.239628
270,0.154366,0.102276,4,0.102276
290,4.04969,0.619735,1,0.619735
2,0.0063,25,4,25
90,0.00351182,14.8961,4,14.8961
70,1.48134,1.48681,5,1.48681
280,0.997894,0.0395131,5,0.0395131
330,0.0374004,15.9724,3,15.9724
0,2.5,4,5,4
2,0.025,16,3,16
30,0.00386888,0.0546678,5,0.0546678
50,0.164508,0.0242292,5,0.0242292
2,0.1,0.4,5,0.4
330,2.30759,1.56832,3,1.56832
290,0.00995793,24.5617,4,24.5617
5,4.5,0.63,1,0.63
20,0.00945734,0.151205,5,0.151205
270,0.585702,0.39454,4,0.39454
15,0.0494171,9.92429,5,9.92429
350,1.6,4,3,4
0,0.01,0.025,2,0.025
290,2.64908,0.0163724,1,0.0163724
70,0.0917327,15.1966,4,15.1966
85,0.0996948,0.148989,5,0.148989
0.25,4,10,5,10
330,0.0153216,40.2077,4,40.2077
350,2.5,0.15,1,0.15
290,0.0166508,15.9096,3,15.9096
70,0.948263,15.4497,5,15.4497
2,0.01,0.1,5,0.1
10,0.0025,25,3,25
0.25,0.0025,2.5,3,2.5
30,0.00862806,0.052183,5,0.052183
10,0.0025,0.04,5,0.04
270,1.70735,10.0753,5,10.0753
90,3.70551,0.991394,1,0.991394
280,1.74621,0.372902,5,0.372902
5,4,0.1,1,0.1
290,1.04248,6.4674,3,6.4674
5,0.0063,10,3,10
0.5,0.01,2.5,5,2.5
270,0.0097701,0.103821,4,0.103821
330,0.00610614,24.8534,4,24.8534
0,0.0063,25,4,25
280,0.414178,0.589118,3,0.589118
0,4,4,5,4
0.25,0.01,0.1,5,0.1
10,1,1,5,1
0.5,0.04,10,3,10
30,0.07287,1.14332,5,1.14332
330,1.51375,10.6813,5,10.6813
290,3.92419,2.59401,1,2.59401
359,1,10,5,10
20,1.03155,0.0239045,5,0.0239045
359,0.04,10,3,10
310,0.00397219,0.0220673,5,0.0220673
5,1,1,5,1
310,1.03663,2.28757,5,2.28757
0.5,0.4,25,4,25
270,0.379424,0.160403,4,0.160403
0.5,0.0063,25,4,25
50,0.649747,0.0240223,5,0.0240223
70,1.43402,0.616391,5,0.616391
50,0.00223043,24.6274,4,24.6274
270,0.142851,25.9227,4,25.9227
50,0.00386182,6.24675,5,6.24675
30,0.656909,0.195826,5,0.195826
0,1.6,25,5,25
50,0.675255,0.0621348,5,0.0621348
10,0.1,6.3,5,6.3
330,0.00149767,0.0908347,3,0.0908347
90,0.00922499,0.149291,5,0.149291
270,0.391374,0.0290095,4,0.0290095
30,0.00215767,0.021919,5,0.021919
0,1.6,4,5,4
0.5,0.01,0.63,5,0.63
330,1.67024,1.56942,3,1.56942
350,0.0016,25,3,25
1,2.5,0.4,5,0.4
310,0.00232076,0.0237137,5,0.0237137
30,1.04497,0.125303,5,0.125303
355,0.025,16,3,16
350,0.63,0.016,3,0.016
70,0.0152485,16.5726,4,16.5726
15,0.20717,9.48195,5,9.48195
0.5,0.016,16,3,16
90,0.0230047,6.41896,5,6.41896
290,0.623623,6.45242,3,6.45242
1,0.0025,25,4,25
0,2.5,0.16,5,0.16
10,0.63,0.63,5,0.63
10,0.0025,1,5,1
0.5,4,10,5,10
90,0.0237071,3.6606,5,3.6606
50,2.56843,0.149893,5,0.149893
30,0.0119021,9.10392,4,9.10392
270,0.992277,0.677047,5,0.677047
0,0.04,1,2,1
85,1.07873,0.968329,5,0.968329
20,0.333809,24.4343,4,24.4343
0.25,0.04,25,4,25
290,0.228308,9.94324,3,9.94324
350,0.01,0.1,3,0.1
2,2.5,0.63,5,0.63
355,0.01,25,4,25
10,0.1,4,5,4
310,0.162201,0.0237137,5,0.0237137
80,0.399542,0.398141,5,0.398141
10,0.004,40,4,40
290,1.67541,0.675967,5,0.675967
10,0.01,0.1,5,0.1
80,2.59455,1.69602,1,1.69602
350,2.5,10,5,10
355,2.5,1,5,1
1,0.025,10,3,10
310,1.05924,10,5,10
50,0.00230241,1.48572,5,1.48572
280,0.63521,24.1951,4,24.1951
359,0.016,4,3,4
85,0.113475,3.90699,5,3.90699
10,0.4,0.25,5,0.25
290,0.00996913,9.80379,3,9.80379
10,0.16,0.63,5,0.63
355,0.4,25,4,25
280,0.410903,5.90611,3,5.90611
310,0.0103394,6.04296,5,6.04296
280,2.60167,6.10871,5,6.10871
280,0.64497,0.237905,4,0.237905
5,0.1,1,5,1
350,1,1,3,1
270,0.391374,0.0692454,4,0.0692454
50,0.398197,15.0167,5,15.0167
290,1.7451,0.0158627,1,0.0158627
270,1.62975,0.0179503,1,0.0179503
30,2.30889,1.09028,5,1.09028
290,1.01901,4.05339,3,4.05339
1,0.1,2.5,5,2.5
80,1.98096,1.59163,5,1.59163
2,0.16,16,4,16
10,0.0025,0.4,5,0.4
359,0.016,1.6,3,1.6
280,1.66006,0.236007,5,0.236007
310,0.104468,0.143301,5,0.143301
290,0.407252,0.0977215,3,0.0977215
270,0.00947176,1.04603,4,1.04603
355,0.0016,0.1,2,0.1
50,0.0061665,2.41781,5,2.41781
290,0.630142,0.391455,3,0.391455
310,0.0159533,9.30572,5,9.30572
330,0.00967649,0.0903636,3,0.0903636
20,0.00244893,0.149682,5,0.149682
80,0.00593523,15.5537,4,15.5537
359,0.4,0.1,3,0.1
359,1.8,0.016,1,0.016
10,0.0063,25,4,25
50,1.5534,0.0980517,5,0.0980517
15,0.00250011,21.8743,3,21.8743
355,2.5,1.6,5,1.6
290,0.987154,26.2555,4,26.2555
0.25,2.5,2.5,5,2.5
330,2.48534,1.02562,5,1.02562
80,0.145902,9.92579,5,9.92579
0.5,0.0025,6.3,3,6.3
280,0.413655,0.0152657,3,0.0152657
5,0.063,16,4,16
2,0.1,25,4,25
30,1.02735,0.0831731,5,0.0831731
0.5,0.1,25,4,25
85,0.163908,10.2436,5,10.2436
80,0.0093898,1.59208,5,1.59208
70,0.00393524,9.51433,5,9.51433
359,1,0.063,5,0.063
20,0.162554,0.244378,5,0.244378
10,0.1,25,4,25
5,0.016,16,3,16
1,2.5,0.025,5,0.025
85,0.0391551,0.160428,5,0.160428
90,1.40786,10.1092,5,10.1092
2,1,0.4,5,0.4
355,1,1,3,1
0,0.04,0.1,2,0.1
85,0.0630275,3.95457,5,3.95457
270,0.623179,2.5346,4,2.5346
20,0.0950264,0.608472,5,0.608472
290,1.67259,1.00021,5,1.00021
1,4,1,1,1
280,1.67165,0.622222,5,0.622222
15,1.59986,9.48195,5,9.48195
20,2.44653,3.91428,5,3.91428
70,0.00245583,2.46222,5,2.46222
30,0.0448407,9.17199,4,9.17199
50,0.0023037,0.149767,5,0.149767
359,2.5,0.16,1,0.16
80,0.00361904,4.03209,5,4.03209
85,0.00223938,0.415271,5,0.415271
0,0.025,0.63,2,0.63
5,0.0025,1,5,1
70,0.00632093,0.15369,5,0.15369
280,1.0038,2.60661,4,2.60661
359,0.04,16,3,16
350,0.004,0.016,3,0.016
280,0.0595863,25.2335,4,25.2335
90,0.00248744,15.3666,4,15.3666
270,1.62975,1.6161,5,1.6161
0,0.1,6.3,3,6.3
90,0.0592023,3.60591,5,3.60591
90,0.0358865,6.42042,5,6.42042
85,1.79435,0.970364,5,0.970364
1,0.16,16,4,16
0.5,4,0.025,1,0.025
2,0.04,16,4,16
30,0.00215949,0.126382,5,0.126382
0.5,4,0.025,1,0.025
355,0.016,6.3,3,6.3
359,1.6,0.25,5,0.25
0,1,4,5,4
359,0.63,0.025,3,0.025
10,0.1,1,5,1
15,0.117877,15.6574,4,15.6574
1,0.01,10,3,10
15,0.00555774,6.01005,5,6.01005
85,0.763882,10.0311,5,10.0311
350,0.01,16,3,16
20,0.0380472,15.6106,4,15.6106
70,0.033306,6.32938,5,6.32938
2,0.0025,6.3,5,6.3
280,0.00153022,0.956293,3,0.956293
0.5,0.0025,2.5,5,2.5
330,0.102562,0.0148426,3,0.0148426
0.5,1.6,0.025,5,0.025
80,2.48045,0.657093,1,0.657093
30,0.0729212,5.87713,5,5.87713
359,0.01,2.5,2,2.5
2,0.01,16,3,16
290,0.989098,15.7284,4,15.7284
85,1.09473,2.31557,5,2.31557
350,0.004,1,3,1
355,0.063,25,4,25
355,0.16,0.016,3,0.016
0,1,6.3,5,6.3
50,2.30694,10.213,5,10.213
90,0.56998,24.5777,5,24.5777
0.25,0.0025,1,5,1
15,4.19227,1.44018,1,1.44018
270,4.32876,6.82144,1,6.82144
270,1.68108,0.382879,5,0.382879
280,0.0147438,24.3144,4,24.3144
310,0.0386616,0.0378552,5,0.0378552
85,0.386847,25.3693,4,25.3693
290,0.0067336,26.0387,3,26.0387
0.5,0.025,16,3,16
85,2.76035,0.252752,1,0.252752
30,2.34387,0.0805842,1,0.0805842
1,0.025,25,4,25
2,4,2.5,1,2.5
10,0.25,0.25,5,0.25
290,2.68054,0.258146,1,0.258146
355,0.1,1,3,1
10,1.6,0.4,5,0.4
90,2.60698,0.401301,1,0.401301
0.5,0.1,0.025,5,0.025
355,0.004,10,3,10
330,0.154036,15.4687,3,15.4687
5,4,4,5,4
0.25,2.5,4,5,4
270,0.904126,0.0682144,5,0.0682144
20,1.546,0.0599981,5,0.0599981
355,0.25,25,4,25
355,0.0016,2.5,3,2.5
50,0.0990767,9.79415,5,9.79415
0.25,0.63,10,5,10
330,4.08513,0.373006,1,0.373006
90,0.00917843,14.6704,4,14.6704
355,0.016,1.6,3,1.6
330,2.60918,0.0590445,1,0.0590445
270,0.39749,0.017683,4,0.017683
90,0.873297,15.8853,5,15.8853
355,0.0016,1,2,1
0.25,1,6.3,5,6.3
310,0.00232387,0.0148551,5,0.0148551
85,0.00974781,3.7977,5,3.7977
85,0.108504,0.420709,5,0.420709
20,0.644563,9.82724,5,9.82724
280,0.259036,1.00098,3,1.00098
355,1,0.016,3,0.016
0,0.63,25,4,25
70,0.0041122,2.53143,5,2.53143
50,0.239482,15.6832,5,15.6832
90,0.0223545,10.0916,5,10.0916
70,0.58887,0.248831,5,0.248831
15,0.686649,0.243298,5,0.243298
270,0.104762,26.3145,4,26.3145
355,0.04,16,3,16
290,0.631206,0.245376,3,0.245376
10,0.01,16,3,16
30,0.00219251,8.72316,4,8.72316
5,1,0.1,5,0.1
310,0.0168343,3.65174,5,3.65174
0,0.04,6.3,3,6.3
0.25,0.4,2.5,5,2.5
50,0.0609756,0.02523,5,0.02523
5,1,16,5,16
20,0.387541,0.242292,5,0.242292
10,1.6,0.63,5,0.63
1,2.5,1.6,5,1.6
355,2.5,0.04,1,0.04
0.5,0.63,16,5,16
10,0.0025,0.1,5,0.1
270,2.47708,1.69049,5,1.69049
70,0.00957503,24.6802,4,24.6802
359,4,4,1,4
280,2.61947,15.4622,5,15.4622
0,0.299656,6.3,5,6.3
2,2.5,6.3,5,6.3
2,1.6,0.4,5,0.4
0.25,0.1,0.025,5,0.025
0.25,0.01,4,3,4
30,0.0122482,5.8763,5,5.8763
0.5,0.016,10,3,10
270,1.03953,17.0322,5,17.0322
70,0.00611558,6.58734,5,6.58734
0.25,1,1.6,5,1.6
355,1.6,10,5,10
359,0.4,0.016,3,0.016
359,1,2.5,5,2.5
270,0.623179,4.41521,4,4.41521
85,0.0399668,10.1539,5,10.1539
290,4.01343,4.01653,1,4.01653
30,0.177953,5.79185,5,5.79185
90,0.378126,15.6351,5,15.6351
1,0.1,25,4,25
50,0.100535,0.388032,5,0.388032
350,0.04,16,3,16
270,0.642807,0.029448,5,0.029448
0.5,0.0063,6.3,3,6.3
0.5,4,6.3,5,6.3
10,0.63,0.4,5,0.4
359,0.025,16,3,16
70,0.0101102,0.399907,5,0.399907
359,0.1,6.3,3,6.3
330,3.79404,6.38791,5,6.38791
0.5,1,10,5,10
80,0.0145902,6.13711,5,6.13711
80,2.30824,25.8182,5,25.8182
359,1,4,5,4
10,0.01,40,4,40
10,0.1,2.5,5,2.5
350,1,6.3,5,6.3
0.25,0.4,6.3,5,6.3
280,2.6191,0.603193,1,0.603193
20,1.44576,0.0243315,5,0.0243315
1,0.01,0.025,5,0.025
290,0.103634,0.0159522,3,0.0159522
0.5,0.25,16,4,16
280,0.148071,0.0949463,3,0.0949463
350,1.6,0.04,3,0.04
15,0.00582514,23.9628,4,23.9628
0,0.25,25,4,25
50,2.55045,0.0380098,1,0.0380098
5,0.25,25,4,25
330,0.253116,10.4101,3,10.4101
359,0.1,4,3,4
1,0.01,0.63,5,0.63
270,2.5551,4.28471,5,4.28471
0,0.01,10,3,10
280,2.45773,1.63425,5,1.63425
310,0.0400301,13.8237,4,13.8237
330,0.00155778,23.8474,3,23.8474
70,0.00977078,9.60974,5,9.60974
15,1.07303,0.912843,5,0.912843
0.25,0.04,2.5,5,2.5
2,0.006,6.3,5,6.3
355,1,4,3,4
50,0.973651,9.72967,5,9.72967
70,1.44008,0.972045,5,0.972045
359,0.016,1,3,1
70,3.59017,0.147329,1,0.147329
355,0.016,2.5,3,2.5
90,0.0373059,0.159169,5,0.159169
70,0.09403,0.383963,5,0.383963
0,0.16,0.4,2,0.4
350,0.004,0.1,3,0.1
359,0.004,4,2,4
359,0.063,16,4,16
310,0.0246187,13.8237,4,13.8237
20,0.923926,0.240223,5,0.240223
30,0.108936,0.0827999,5,0.0827999
1,2.5,2.5,5,2.5
355,1.6,0.25,3,0.25
355,0.01,6.3,3,6.3
1,0.04,25,4,25
20,2.53259,0.615438,5,0.615438
0,0.63,6.3,5,6.3
85,0.102037,2.4329,5,2.4329
359,0.16,25,4,25
90,0.0911416,1.55359,5,1.55359
15,0.00232995,0.097746,5,0.097746
5,0.01,2.5,5,2.5
50,0.0971737,6.04296,5,6.04296
1,4,25,5,25
0,0.016,2.5,3,2.5
280,0.400188,3.94299,3,3.94299
290,0.165668,25.2637,4,25.2637
350,4,0.63,1,0.63
80,1.49893,4.20336,5,4.20336
80,0.0385423,9.96353,5,9.96353
359,1.6,0.16,5,0.16
85,0.170756,3.74027,5,3.74027
30,0.072911,0.203714,5,0.203714
290,2.57928,0.0249637,1,0.0249637
70,0.0966697,24.7071,4,24.7071
0.25,0.063,0.025,5,0.025
355,0.63,16,5,16
330,0.0986322,39.4909,4,39.4909
310,0.10499,0.0237137,5,0.0237137
85,0.0107877,0.159913,5,0.159913
0.25,1,10,5,10
50,3.88141,0.0955218,1,0.0955218
355,1.6,6.3,5,6.3
350,2.5,1,3,1
50,0.0101188,0.094414,5,0.094414
30,0.0089895,0.0752322,5,0.0752322
0.25,4,0.025,1,0.025
50,1.60353,0.0605316,5,0.0605316
50,3.809,0.382348,1,0.382348
15,0.719686,9.48195,5,9.48195
30,0.0741615,1.69697,5,1.69697
330,0.00390878,39.1373,4,39.1373
90,0.00937661,24.5518,4,24.5518
280,1.00415,0.0961143,5,0.0961143
355,1.6,0.1,3,0.1
330,0.0101358,0.016085,3,0.016085
355,4,0.4,1,0.4
2,0.0063,10,3,10
20,0.406223,15.0125,5,15.0125
2,4,0.63,1,0.63
30,0.643205,4.35122,5,4.35122
330,0.00953073,9.88264,3,9.88264
310,0.0103003,23.7137,4,23.7137
359,1.6,0.025,5,0.025
330,0.426345,10.1003,3,10.1003
90,0.00894413,0.380746,5,0.380746
359,1,0.25,5,0.25
10,0.25,0.4,5,0.4
355,0.01,0.1,2,0.1
280,2.61175,10.3256,5,10.3256
0.25,0.25,0.025,5,0.025
1,4,0.63,1,0.63
0.25,2.5,6.3,5,6.3
290,1.87109,0.0380285,1,0.0380285
359,0.16,0.016,3,0.016
30,0.633071,2.64574,5,2.64574
330,1.51247,2.54472,3,2.54472
80,0.93898,2.53829,5,2.53829
50,1.6377,3.88577,5,3.88577
90,0.57014,6.32993,5,6.32993
10,0.0025,0.025,5,0.025
10,0.1,1.6,5,1.6
0.25,0.04,16,3,16
330,0.0015932,9.77353,3,9.77353
90,0.00231865,3.59882,5,3.59882
1,1,1.6,5,1.6
355,0.1,25,4,25
30,0.00815641,23.0403,4,23.0403
350,0.25,25,4,25
280,1.77566,3.77807,5,3.77807
80,0.0572549,4.18744,5,4.18744
2,0.01,1.6,5,1.6
0.25,0.1,10,3,10
350,1.6,1,3,1
10,1,0.25,5,0.25
270,0.391374,0.418938,4,0.418938
50,0.251981,0.0387487,5,0.0387487
5,1,10,5,10
90,0.931619,0.61071,5,0.61071
0.25,0.004,2.5,3,2.5
70,2.57241,0.401823,1,0.401823
290,2.3614,0.647013,5,0.647013
10,0.1,16,4,16
30,1.03329,0.0552161,5,0.0552161
359,0.0016,0.016,2,0.016
0,0.0025,1,2,1
20,0.00242326,0.599728,5,0.599728
0,0.16,25,4,25
80,0.00947464,0.156942,5,0.156942
280,0.972694,24.3966,4,24.3966
290,1.00028,0.925681,4,0.925681
20,0.245721,0.155013,5,0.155013
280,0.146859,1.00649,3,1.00649
359,0.4,1.6,3,1.6
50,2.36472,1.59858,5,1.59858
70,0.00256266,0.38449,5,0.38449
90,2.26518,2.44756,5,2.44756
359,1.6,0.1,5,0.1
0.25,1,2.5,5,2.5
1,4,0.025,1,0.025
15,0.0517947,15.1886,4,15.1886
85,0.00236563,25.2326,4,25.2326
290,0.101844,10.2102,3,10.2102
359,2.5,0.1,1,0.1
270,0.594854,1.01511,4,1.01511
355,0.016,16,3,16
80,0.00226709,6.27932,5,6.27932
80,0.00947464,2.57602,5,2.57602
310,0.0636819,3.65174,5,3.65174
1,0.1,0.025,5,0.025
0,0.0025,10,3,10
0.5,0.063,16,4,16
5,2.5,0.025,1,0.025
310,0.0978796,22.8757,4,22.8757
70,3.80418,0.366189,1,0.366189
90,0.0905289,0.393745,5,0.393745
350,0.01,25,4,25
1,0.025,16,3,16
5,0.025,4,5,4
0,0.1,0.63,2,0.63
30,0.0725634,0.0538595,5,0.0538595
359,0.016,0.1,3,0.1
80,0.00371803,9.95793,5,9.95793
310,1.0731,0.0930572,5,0.0930572
15,1.63789,0.899074,5,0.899074
280,0.245738,15.473,4,15.473
310,0.00246464,9.30572,5,9.30572
310,2.63053,0.0604296,5,0.0604296
0.25,0.01,0.63,5,0.63
270,0.0102353,0.0179503,4,0.0179503
359,0.16,6.3,3,6.3
5,0.1,0.63,5,0.63
330,0.634942,25.7494,4,25.7494
80,0.00222667,0.618647,5,0.618647
50,0.00400329,2.45031,5,2.45031
359,4,0.4,1,0.4
355,0.16,16,4,16
90,0.00574806,15.133,4,15.133
359,0.25,10,4,10
85,0.457462,10.3094,5,10.3094
270,1.08902,0.251566,5,0.251566
10,0.16,0.4,5,0.4
350,0.4,16,4,16
0,0.01,1,2,1
85,0.733091,3.71228,5,3.71228
310,4.28296,0.0378552,1,0.0378552
50,0.0060685,9.54815,5,9.54815
15,0.0754312,0.587458,5,0.587458
70,0.158093,24.6335,4,24.6335
330,2.55045,16.0782,5,16.0782
310,1.1135,15.3993,5,15.3993
0.5,0.1,0.4,5,0.4
80,3.92419,0.428146,1,0.428146
2,0.1,0.63,5,0.63
90,0.0129547,15.1372,4,15.1372
0,0.063,4,3,4
330,0.967649,6.50021,3,6.50021
0.25,0.4,0.025,5,0.025
280,0.973788,1.00197,4,1.00197
50,1.56744,15.5537,5,15.5537
85,0.0636037,15.3735,4,15.3735
350,2.5,0.063,1,0.063
15,0.020717,23.6014,4,23.6014
0,2.5,10,5,10
90,0.261432,0.157069,5,0.157069
1,1.6,1.6,5,1.6
0,0.025,25,4,25
310,0.0101815,0.153993,5,0.153993
310,0.0104607,0.0930572,5,0.0930572
2,0.063,6.3,5,6.3
0,0.04,10,3,10
280,0.631427,10.2145,4,10.2145
355,0.63,4,3,4
310,0.167494,22.8757,4,22.8757
1,4,10,5,10
5,0.0025,1.6,5,1.6
15,0.0772245,9.7746,5,9.7746
90,0.223797,24.958,4,24.958
20,0.251238,9.74335,5,9.74335
310,0.00243332,0.0930572,5,0.0930572
355,1,1.6,3,1.6
350,1,0.1,3,0.1
80,0.582942,0.401005,5,0.401005
50,0.00237404,0.944671,5,0.944671
330,0.235278,41.203,4,41.203
0,0.0025,16,3,16
50,0.232256,23.9246,4,23.9246
290,1.04218,0.0153658,4,0.0153658
270,0.00265609,0.0187765,4,0.0187765
355,0.025,10,3,10
15,2.55955,0.0933893,1,0.0933893
0.25,0.4,10,4,10
0,1,10,5,10
70,0.00394299,15.7202,4,15.7202
70,0.0254794,9.70338,5,9.70338
270,0.652852,0.0713543,5,0.0713543
0,0.063,25,4,25
15,1.63789,1.55389,5,1.55389
290,1.60173,0.253775,5,0.253775
50,0.39552,25.0815,5,25.0815
70,3.83963,0.938419,1,0.938419
85,2.87618,6.69021,5,6.69021
80,0.388905,10.1116,5,10.1116
80,0.00226709,2.6191,5,2.6191
1,0.4,10,5,10
270,2.51578,0.412701,5,0.412701
5,0.0025,0.1,5,0.1
90,0.886903,25.3593,5,25.3593
280,1.64346,1.55471,5,1.55471
70,2.54758,25.7358,5,25.7358
310,0.0240223,9.30572,5,9.30572
15,1.32571,0.0245154,5,0.0245154
20,0.0388141,0.0244618,5,0.0244618
85,0.0245048,6.02902,5,6.02902
80,4.03152,2.64797,1,2.64797
0,0.0063,6.3,3,6.3
0.25,1,0.1,5,0.1
1,2.5,1,5,1
20,2.55224,0.155406,5,0.155406
70,0.0928873,2.45246,5,2.45246
0.5,0.025,25,4,25
50,0.00963307,6.26874,5,6.26874
20,0.00245755,0.0947064,5,0.0947064
310,2.20209,0.0378552,5,0.0378552
330,1.59052,6.30585,3,6.30585
90,1.42138,6.33294,5,6.33294
2,1,0.1,5,0.1
90,0.0928482,2.51959,5,2.51959
15,0.0132571,10.3873,5,10.3873
2,0.0025,0.4,5,0.4
90,0.0091116,0.986356,5,0.986356
50,0.0376006,13.8082,4,13.8082
330,2.48883,41.0297,5,41.0297
50,0.059369,14.0411,4,14.0411
330,2.60991,0.091591,1,0.091591
20,0.0024829,0.0243692,5,0.0243692
50,0.0104718,0.384287,5,0.384287
85,0.00248971,0.16677,5,0.16677
359,2.6,0.016,1,0.016
15,2.74647,0.355758,1,0.355758
280,0.640409,2.58364,4,2.58364
0.25,0.025,16,3,16
5,1.6,0.1,5,0.1
70,0.00247141,15.5258,4,15.5258
50,0.0105486,0.0239112,5,0.0239112
280,0.614574,6.28992,4,6.28992
0,0.063,0.1,2,0.1
10,0.04,25,4,25
5,4,6.3,5,6.3
355,0.006,25,4,25
280,0.63196,0.381328,4,0.381328
20,0.00236505,14.535,4,14.535
15,0.00910298,15.8972,4,15.8972
350,1.6,0.4,3,0.4
310,0.00598086,0.0228757,5,0.0228757
310,1.71773,26.4165,5,26.4165
20,3.76482,0.0955487,1,0.0955487
5,0.01,1.6,5,1.6
280,1.11093,0.240021,5,0.240021
70,2.71047,0.561019,1,0.561019
270,2.40144,0.0441521,1,0.0441521
70,0.00966561,0.951935,5,0.951935
50,2.60039,0.0588622,5,0.0588622
5,0.4,10,5,10
280,0.409145,0.098093,3,0.098093
270,1.68108,0.0713543,1,0.0713543
355,0.4,0.016,3,0.016
20,2.49935,6.28903,5,6.28903
310,1.65551,0.153993,5,0.153993
30,0.0448659,0.0534748,5,0.0534748
270,1.05577,3.9751,5,3.9751
85,0.00603215,0.154895,5,0.154895
80,0.905798,1.61461,5,1.61461
290,3.0937,0.58286,1,0.58286
70,0.00973104,4.03804,5,4.03804
280,0.396494,1.0106,3,1.0106
0,0.63,2.5,5,2.5
270,1.03953,0.42527,5,0.42527
330,0.0374214,25.8836,4,25.8836
80,0.905798,10.1287,5,10.1287
1,1.6,0.025,5,0.025
50,0.0151417,9.58176,5,9.58176
50,0.100818,2.40798,5,2.40798
310,1.61791,0.0582942,5,0.0582942
15,0.686649,0.596455,5,0.596455
0.25,2.5,0.1,5,0.1
0,0.25,0.63,5,0.63
280,0.989515,9.7598,4,9.7598
10,0.25,0.63,5,0.63
350,2.5,0.1,1,0.1
290,0.00167259,0.987154,3,0.987154
5,0.01,10,3,10
80,0.0582942,15.3259,4,15.3259
10,0.01,4,5,4
359,0.63,2.5,5,2.5
0.25,0.16,10,4,10
70,0.00624061,2.41315,5,2.41315
10,0.016,25,4,25
15,1.59986,0.596455,5,0.596455
355,4,2.5,1,2.5
270,0.391374,0.102276,4,0.102276
290,0.0158472,24.6153,4,24.6153
50,0.0096901,3.80953,5,3.80953
10,0.4,25,5,25
90,0.00370863,3.71398,5,3.71398
30,0.0751371,0.0224174,5,0.0224174
359,0.01,16,3,16
270,0.391374,0.244131,4,0.244131
350,1,1.6,3,1.6
20,0.095589,9.80655,5,9.80655
290,0.001674,0.0915396,3,0.0915396
359,0.004,10,3,10
10,1,6.3,5,6.3
310,0.421223,14.8551,5,14.8551
10,0.4,16,5,16
330,0.101074,25.8364,4,25.8364
355,0.4,6.3,3,6.3
1,0.0063,16,3,16
270,4.19658,0.39454,1,0.39454
0,0.04,1.6,3,1.6
10,0.0025,10,5,10
5,0.025,25,4,25
85,0.0252193,15.28,4,15.28
85,0.0388605,6.23217,5,6.23217
85,0.16968,24.4635,4,24.4635
2,0.016,16,3,16
50,0.0234354,6.10271,5,6.10271
85,0.00239406,2.53818,5,2.53818
270,2.32811,2.49686,5,2.49686
15,0.0202359,9.92429,5,9.92429
359,0.63,1.6,3,1.6
2,0.1,6.3,5,6.3
355,0.004,0.1,2,0.1
330,0.156612,0.0150421,3,0.0150421
30,0.00499163,9.1052,4,9.1052
355,1.6,4,5,4
5,2.5,0.4,5,0.4
30,0.00217136,0.0815756,5,0.0815756
5,0.0025,0.4,5,0.4
330,0.00249724,24.8953,3,24.8953
359,1,1.6,5,1.6
10,1,16,5,16
1,0.025,16,3,16
330,2.60918,0.0369563,1,0.0369563
1,1.6,0.63,5,0.63
90,0.619604,3.90384,5,3.90384
50,0.41663,0.06107,5,0.06107
2,1.6,0.1,5,0.1
50,0.0381757,3.88796,5,3.88796
2,0.063,25,4,25
15,2.50011,3.98713,5,3.98713
5,1,0.4,5,0.4
10,4,0.16,1,0.16
270,0.145083,17.0322,4,17.0322
90,2.6372,0.243692,1,0.243692
5,4,2.5,5,2.5
310,0.0613538,0.0237137,5,0.0237137
330,2.42598,3.82993,3,3.82993
30,0.631028,0.131843,5,0.131843
90,0.00908347,1.59999,5,1.59999
15,1.02377,0.025272,5,0.025272
80,0.930572,0.635567,5,0.635567
15,0.00910298,0.0248908,5,0.0248908
5,0.1,4,5,4
270,2.5551,0.160403,1,0.160403
290,1.69055,25.9273,4,25.9273
280,0.00599981,25.2512,4,25.2512
85,0.270638,3.86579,5,3.86579
80,0.237137,15.2871,4,15.2871
85,3.25437,1.58768,1,1.58768
10,0.016,16,4,16
15,0.175751,0.158972,5,0.158972
70,0.156546,6.17995,5,6.17995
80,3.88905,0.672414,1,0.672414
85,0.0410989,15.8041,4,15.8041
30,0.11082,0.12656,5,0.12656
85,0.112428,25.1492,4,25.1492
50,0.00237538,0.0937925,5,0.0937925
2,0.0025,4,5,4
310,0.00392088,2.37137,5,2.37137
0.25,0.63,0.025,5,0.025
85,0.0616174,6.15422,5,6.15422
50,1.03053,6.18995,5,6.18995
0.5,0.63,25,5,25
1,0.016,16,3,16
5,4,0.63,5,0.63
20,0.00231669,9.19522,5,9.19522
2,0.025,6.3,5,6.3
1,0.01,1.6,5,1.6
85,0.00974678,9.47039,5,9.47039
30,0.0741302,9.38452,4,9.38452
50,1.00253,0.151524,5,0.151524
70,0.00240392,6.52194,5,6.52194
0.25,0.016,25,4,25
270,1.07227,0.158015,5,0.158015
0,1,1,5,1
330,1.62623,0.0617778,3,0.0617778
0,0.0025,0.1,2,0.1
50,0.0596198,9.77627,5,9.77627
2,3,0.025,1,0.025
270,2.51578,0.018497,1,0.018497
359,1,0.016,5,0.016
50,0.00973104,23.3041,4,23.3041
270,0.242013,0.018497,4,0.018497
15,0.0093194,3.92699,5,3.92699
350,2.5,4,5,4
355,4,0.16,1,0.16
20,0.00920039,0.242632,5,0.242632
2,0.04,6.3,5,6.3
310,0.0240832,3.78552,5,3.78552
85,1.76713,6.56984,5,6.56984
290,2.54758,0.387705,1,0.387705
270,0.367838,18.0854,4,18.0854
10,0.01,0.4,5,0.4
0,1,25,5,25
2,0.0025,25,3,25
310,0.00400751,9.30572,5,9.30572
20,0.00247349,0.962495,5,0.962495
30,0.171279,0.0233631,5,0.0233631
0.5,4,16,5,16
10,1,10,5,10
1,4,2.5,5,2.5
330,4.08513,0.236937,1,0.236937
359,0.63,0.04,3,0.04
0.25,0.01,2.5,3,2.5
5,4,0.4,1,0.4
330,0.108737,10.2764,3,10.2764
270,2.32811,16.2827,5,16.2827
0.25,1,25,5,25
0.25,0.1,16,4,16
310,1.65354,0.237137,5,0.237137
20,0.037532,0.0981482,5,0.0981482
70,2.0206,0.596974,1,0.596974
20,2.55906,0.0967513,5,0.0967513
85,0.280729,9.66884,5,9.66884
310,1.66193,0.0378552,5,0.0378552
359,0.1,10,3,10
90,0.058524,9.63408,5,9.63408
30,0.163104,22.2042,4,22.2042
0.5,0.016,6.3,3,6.3
70,2.46932,0.940432,1,0.940432
0.25,0.0025,0.4,5,0.4
350,0.16,6.3,3,6.3
280,0.589615,0.015648,4,0.015648
0.25,0.01,0.025,5,0.025
15,0.702973,6.29042,5,6.29042
0.25,2.5,0.4,5,0.4
20,2.70628,0.0244378,1,0.0244378
10,0.0025,6.3,5,6.3
90,0.406566,0.247011,5,0.247011
2,4,0.4,1,0.4
30,0.00788367,9.30964,4,9.30964
330,0.161848,9.97193,3,9.97193
0.25,4,0.63,1,0.63
20,0.0976529,0.379031,5,0.379031
85,0.00926038,6.18077,5,6.18077
0.5,0.4,10,5,10
0.5,0.0025,0.63,5,0.63
1,0.0025,10,3,10
10,0.025,25,4,25
350,4,0.25,1,0.25
0,0.063,1,2,1
1,0.0063,25,4,25
310,0.107446,0.0582942,5,0.0582942
350,1.6,25,5,25
85,0.709724,2.38242,5,2.38242
330,2.81332,0.384503,1,0.384503
0,0.004,4,2,4
15,0.719686,15.8972,5,15.8972
15,0.00238534,0.236014,5,0.236014
290,1.3057,1.91015,4,1.91015
0,0.016,16,3,16
1,0.0025,1.6,5,1.6
350,0.63,0.1,3,0.1
15,3.99982,0.596455,1,0.596455
85,0.00246144,1.63307,5,1.63307
0.5,0.01,0.4,5,0.4
0,0.0063,0.4,2,0.4
70,0.00999719,6.66979,5,6.66979
350,0.01,0.016,3,0.016
0.25,0.01,0.4,5,0.4
30,0.278539,0.0827534,5,0.0827534
2,0.01,0.63,5,0.63
0.25,0.0025,1.6,5,1.6
310,0.00390192,13.8237,4,13.8237
90,0.0143907,6.41749,5,6.41749
20,0.446081,24.5031,5,24.5031
0,0.4,25,4,25
80,1.53993,0.651118,5,0.651118
50,0.00384233,9.67785,5,9.67785
310,1.6832,3.92419,5,3.92419
359,0.63,25,5,25
2,0.063,16,4,16
290,0.239078,24.1883,4,24.1883
50,0.00240021,0.0373479,5,0.0373479
359,0.0016,4,2,4
359,1.6,0.063,5,0.063
355,2.5,0.063,1,0.063
359,0.004,6.3,3,6.3
0,0.0025,4,2,4
355,2.5,0.25,1,0.25
290,0.984936,0.0923018,4,0.0923018
5,0.004,16,3,16
30,0.00225311,6.14747,5,6.14747
280,1.48979,25.6158,5,25.6158
0.25,0.0063,16,3,16
290,0.663962,0.158538,3,0.158538
0,1,2.5,5,2.5
5,0.04,16,4,16
80,0.0220673,10.1515,5,10.1515
310,0.671045,2.37137,5,2.37137
50,0.0638342,0.0379297,5,0.0379297
290,0.0382079,25.4722,4,25.4722
0.25,1,0.025,5,0.025
90,0.00352369,6.11956,5,6.11956
310,1.04453,0.153993,5,0.153993
290,0.642483,1.4964,3,1.4964
359,0.016,25,4,25
85,0.42615,2.45018,5,2.45018
0,0.01,2.5,2,2.5
280,0.623228,1.54861,4,1.54861
90,2.27283,6.33438,5,6.33438
350,3,0.4,1,0.4
0,4,10,5,10
310,0.00237471,0.0604296,5,0.0604296
290,0.97201,2.61781,3,2.61781
30,0.644653,0.741094,5,0.741094
80,2.48045,0.100267,1,0.100267
310,0.00668504,9.30572,5,9.30572
1,0.01,1,5,1
50,0.157362,6.33427,5,6.33427
2,1,0.025,5,0.025
280,0.276958,0.0161507,3,0.0161507
290,0.0258364,24.3025,4,24.3025
0.25,2.5,1.6,5,1.6
359,0.004,16,3,16
10,1,4,5,4
0.25,2.5,10,5,10
30,2.54615,0.714302,1,0.714302
90,0.0894916,0.943096,5,0.943096
310,0.00605699,2.37137,5,2.37137
310,2.67114,2.45824,5,2.45824
10,0.0063,40,4,40
30,0.109335,9.58445,4,9.58445
290,0.0992719,15.5646,3,15.5646
350,0.4,25,4,25
30,1.9804,0.690999,5,0.690999
2,0.1,0.1,5,0.1
355,0.016,1,3,1
70,0.378818,0.245565,5,0.245565
310,0.155898,3.78552,5,3.78552
0.25,0.01,10,3,10
355,2.5,6.3,5,6.3
0.25,0.63,16,5,16
15,0.702973,0.097746,5,0.097746
355,0.1,0.016,3,0.016
270,0.00261522,1,4,1
355,0.63,0.016,3,0.016
330,0.992161,10.3824,4,10.3824
359,0.016,10,3,10
310,0.0150019,0.0378552,5,0.0378552
280,0.0103118,15.6304,3,15.6304
2,0.25,25,4,25
5,0.0025,2.5,5,2.5
330,0.0251344,15.5231,3,15.5231
0.5,0.4,0.4,5,0.4
90,0.147345,24.9553,4,24.9553
20,4.19391,0.977765,1,0.977765
30,0.0440846,5.91441,5,5.91441
0.25,0.25,4,5,4
280,0.263035,9.90767,3,9.90767
310,0.427725,0.0604296,5,0.0604296
270,2.59502,0.102276,1,0.102276
20,0.256591,15.6502,5,15.6502
310,1.14075,25.483,5,25.483
90,0.144799,14.9155,4,14.9155
0.5,1.6,0.63,5,0.63
0,1,0.63,5,0.63
20,1.54166,0.097859,5,0.097859
0.5,0.004,6.3,3,6.3
0.25,0.1,1.6,5,1.6
85,0.276656,24.1758,4,24.1758
15,0.00954095,23.6014,4,23.6014
15,1.59986,6.10209,5,6.10209
330,0.0600402,39.5297,4,39.5297
10,0.1,0.025,5,0.025
50,3.90439,0.0607788,1,0.0607788
310,0.0103162,13.8237,4,13.8237
0,2.5,0.1,5,0.1
355,0.16,6.3,3,6.3
85,2.66861,0.586506,1,0.586506
0,0.0063,0.1,2,0.1
359,2.5,0.4,5,0.4
310,2.59711,6.04296,5,6.04296
0.5,1,1,5,1
90,0.0901227,24.1858,4,24.1858
270,1.55568,0.100753,5,0.100753
310,4.06423,0.0582942,1,0.0582942
0,0.25,0.4,5,0.4
310,0.00612763,0.0365174,5,0.0365174
0,0.1,1,2,1
0.25,2.84603,0.025,1,0.025
0,0.1,4,3,4
350,0.0063,25,3,25
0.5,0.01,0.025,5,0.025
0,0.25,16,4,16
80,0.0151247,3.96577,5,3.96577
15,2.32995,0.926823,5,0.926823
85,1.72039,1.55902,5,1.55902
330,0.968737,26.8847,4,26.8847
280,2.71867,3.86345,5,3.86345
80,0.00226709,16.1939,4,16.1939
20,0.00246586,0.0608558,5,0.0608558
90,0.624675,2.52286,5,2.52286
290,0.00317207,0.00863473,1,0.00863473
2,0.1,1.6,5,1.6
350,0.0016,0.1,3,0.1
355,0.0016,4,3,4
310,1.73801,0.378552,5,0.378552
280,0.0103875,0.0156194,3,0.0156194
310,2.66795,3.78552,5,3.78552
20,0.0247071,9.98736,5,9.98736
290,2.50427,16.7777,5,16.7777
310,0.0102217,0.0378552,5,0.0378552
80,0.604296,0.251733,5,0.251733
0,0.025,0.1,2,0.1
0.25,0.1,0.4,5,0.4
310,0.0987431,0.964662,5,0.964662
15,0.0129493,15.8972,4,15.8972
90,0.232125,2.48215,5,2.48215
310,1.69221,0.582942,5,0.582942
15,2.32995,6.10209,5,6.10209
1,0.063,16,4,16
50,0.00559503,14.7884,4,14.7884
10,4,0.25,1,0.25
0,0.16,0.63,2,0.63
50,1.64832,2.39819,5,2.39819
90,0.00922758,6.41603,5,6.41603
330,0.0365277,39.5631,4,39.5631
359,1.6,10,5,10
270,0.159228,1.04603,4,1.04603
0.5,0.01,0.1,5,0.1
310,0.272652,15.3993,5,15.3993
280,1.71195,0.0239179,1,0.0239179
30,1.90265,0.46516,5,0.46516
359,0.004,2.5,2,2.5
5,0.0025,16,3,16
0,0.25,0.025,5,0.025
359,0.016,16,3,16
80,0.588208,0.63942,5,0.63942
30,0.0183722,9.44273,4,9.44273
15,0.0754312,0.355758,5,0.355758
350,1,2.5,3,2.5
10,0.063,10,5,10
80,2.48045,4.3062,5,4.3062
280,0.633249,15.51,4,15.51
280,0.604806,0.619604,4,0.619604
30,1.55144,0.0824747,5,0.0824747
355,4,1.6,1,1.6
70,0.0152614,0.150802,5,0.150802
359,2.5,4,5,4
359,2.5,10,5,10
80,2.50287,1.06304,1,1.06304
359,0.63,10,5,10
70,0.257566,14.876,5,14.876
90,0.0537461,24.9492,4,24.9492
0.5,0.1,1,5,1
1,0.4,16,5,16
355,0.0016,0.016,2,0.016
310,0.0588167,9.64662,5,9.64662
70,0.0159746,9.87882,5,9.87882
270,0.1,0.0187765,4,0.0187765
2,1,4,5,4
0.5,0.04,16,4,16
290,1.66274,4.12349,4,4.12349
80,0.0222667,15.7229,4,15.7229
90,0.00926136,3.716,5,3.716
350,2.5,0.0149672,1,0.0149672
0,2.5,6.3,5,6.3
10,1,0.1,5,0.1
80,0.00237137,25.8327,4,25.8327
359,0.016,2.5,3,2.5
270,0.145083,0.0179503,4,0.0179503
30,0.0196681,0.054392,5,0.054392
5,0.1,6.3,5,6.3
70,0.97283,1.00394,5,1.00394
30,0.0733736,0.127613,5,0.127613
270,1.07227,26.7122,5,26.7122
330,1.01815,41.0989,4,41.0989
90,0.0057886,3.77337,5,3.77337
50,0.00983277,9.56561,5,9.56561
270,1.68108,0.0303448,1,0.0303448
350,0.16,10,3,10
85,1.17286,6.55404,5,6.55404
15,0.0790604,3.80941,5,3.80941
350,0.025,16,3,16
50,2.39684,3.89124,5,3.89124
310,0.104204,0.365174,5,0.365174
0,0.025,1.6,2,1.6
5,0.0025,0.025,5,0.025
15,0.686649,0.0256591,5,0.0256591
280,0.39761,1.53474,3,1.53474
10,0.4,0.4,5,0.4
15,3.99982,0.578597,1,0.578597
350,1.6,0.063,3,0.063
15,0.702973,0.912843,5,0.912843
2,0.025,4,5,4
270,0.0939862,0.102276,4,0.102276
85,0.247662,0.151617,5,0.151617
90,0.608558,10.2645,5,10.2645
310,0.010236,0.0228757,5,0.0228757
70,0.0615611,6.40409,5,6.40409
0.5,4,4,5,4
85,0.00950397,0.93535,5,0.93535
85,0.423821,0.247567,5,0.247567
85,4.26449,1.00412,1,1.00412
330,0.245134,0.0150209,3,0.0150209
15,2.38534,1.41845,5,1.41845
80,0.00582942,10.0437,5,10.0437
70,0.0387106,0.154839,5,0.154839
359,0.16,1,3,1
1,4,1.6,5,1.6
30,0.0189171,5.83269,5,5.83269
0,3.4,1.6,5,1.6
90,0.236871,15.3906,4,15.3906
0,0.063,6.3,3,6.3
15,1.04811,0.587458,5,0.587458
80,0.00237137,3.88468,5,3.88468
0.25,0.4,16,4,16
20,0.00394077,9.52671,5,9.52671
0.25,0.1,0.1,5,0.1
50,0.00241238,0.0237471,5,0.0237471
30,0.00207033,21.8667,4,21.8667
10,2.5,0.25,5,0.25
0.5,1,25,5,25
50,1.61348,0.0379297,5,0.0379297
359,0.63,0.440351,3,0.440351
355,0.063,10,3,10
270,2.59502,0.0285776,1,0.0285776
2,0.16,25,4,25
30,2.32844,0.126844,1,0.126844
85,0.00397107,9.85819,5,9.85819
359,0.4,1,3,1
10,1,1.6,5,1.6
0.5,2.5,2.5,5,2.5
30,0.00219621,0.0329985,5,0.0329985
330,0.158116,40.6337,4,40.6337
0,0.0063,2.5,2,2.5
20,3.08025,0.377861,5,0.377861
0.25,0.016,4,3,4
20,0.00249128,0.373846,5,0.373846
0,0.0025,0.63,2,0.63
1,0.0025,0.1,5,0.1
0.25,0.4,4,5,4
355,0.004,25,3,25
280,2.6101,0.376588,1,0.376588
5,1,0.025,5,0.025
350,0.016,25,4,25
70,3.91648,0.577316,1,0.577316
80,0.604296,27.078,5,27.078
20,0.00376747,6.11816,5,6.11816
310,0.660797,0.0604296,5,0.0604296
0,0.63,10,5,10
0.5,4,0.4,5,0.4
70,0.0886778,3.75439,5,3.75439
0.25,0.1,0.63,5,0.63
359,2.5,1.6,5,1.6
10,1.6,0.025,5,0.025
20,0.094733,0.976941,5,0.976941
280,0.0956763,0.0160421,3,0.0160421
350,2.5,0.4,3,0.4
1,0.1,1.6,5,1.6
0.25,0.01,25,4,25
5,4,0.063,1,0.063
270,1.03953,1.66532,5,1.66532
280,0.970577,0.62529,4,0.62529
30,0.0190051,0.0226232,5,0.0226232
330,0.00641039,16.2623,3,16.2623
280,0.0389233,25.7096,4,25.7096
50,0.0249093,0.0377595,5,0.0377595
280,0.105145,24.7245,4,24.7245
15,1.59986,0.239628,5,0.239628
350,4,1,1,1
310,4.05881,0.0930572,1,0.0930572
50,0.0106021,0.0156722,5,0.0156722
290,2.50146,0.096901,1,0.096901
280,0.898129,0.243692,4,0.243692
85,1.77947,2.43014,5,2.43014
15,4.19227,1.53045,1,1.53045
1,0.0025,0.025,5,0.025
20,0.00952002,0.0605231,5,0.0605231
85,0.108215,5.9887,5,5.9887
50,0.152657,9.37529,5,9.37529
280,0.642212,3.87051,4,3.87051
15,0.308884,23.6014,5,23.6014
330,2.42803,26.0661,5,26.0661
355,0.0016,1.6,2,1.6
0.5,0.25,4,5,4
270,0.00278256,27.9418,4,27.9418
0,2.5,2.5,5,2.5
2,0.01,10,3,10
0.25,0.025,2.5,3,2.5
359,1,0.4,5,0.4
310,0.0391565,3.92419,5,3.92419
0.5,1,0.1,5,0.1
330,3.79404,4.0571,5,4.0571
290,0.390439,16.1416,4,16.1416
85,1.08741,1.55578,5,1.55578
310,0.00248709,0.365174,5,0.365174
15,0.00568987,15.8972,4,15.8972
2,0.016,10,3,10
290,2.46378,2.7498,5,2.7498
359,0.0016,0.1,2,0.1
80,0.913982,0.404457,5,0.404457
355,0.016,0.016,3,0.016
30,0.0311071,8.98318,4,8.98318
355,1.6,0.04,3,0.04
350,0.25,0.1,3,0.1
350,0.063,16,3,16
1,1.6,0.4,5,0.4
90,3.62413,2.48678,1,2.48678
15,0.00244205,2.41456,5,2.41456
70,0.0587052,0.159337,5,0.159337
350,0.0025,25,3,25
50,0.0245341,9.31226,5,9.31226
50,0.00401343,0.0234486,5,0.0234486
5,0.25,10,5,10
80,2.43623,16.9388,5,16.9388
15,4.29193,0.912843,1,0.912843
359,4,0.16,1,0.16
359,0.25,1,3,1
270,0.594854,25.5368,4,25.5368
10,1,2.5,5,2.5
359,0.01,4,3,4
10,0.01,1,5,1
280,1.01672,15.8471,4,15.8471
20,0.0604042,9.76529,5,9.76529
355,4,4,1,4
355,1.6,1.6,3,1.6
280,0.00401174,24.7002,3,24.7002
80,3.99542,1.56656,1,1.56656
359,0.01,6.3,3,6.3
330,0.245617,0.0949463,3,0.0949463
1,2.5,0.63,5,0.63
280,0.413713,16.2303,4,16.2303
50,0.00954413,13.9486,4,13.9486
359,0.01,0.016,2,0.016
355,1.6,0.16,3,0.16
2,0.01,0.025,5,0.025
0.5,2.5,0.4,5,0.4
280,0.0931161,15.0294,3,15.0294
10,0.01,0.63,5,0.63
50,0.00230241,14.302,4,14.302
50,0.00382509,14.3281,4,14.3281
2,0.01,1,5,1
70,0.0984521,9.62799,5,9.62799
90,2.42871,1.00661,1,1.00661
1,0.25,6.3,5,6.3
270,0.0100778,10.3821,4,10.3821
85,2.59537,0.145649,1,0.145649
80,0.0365174,4.15228,5,4.15228
15,0.00244205,0.361207,5,0.361207
80,0.00237137,0.159701,5,0.159701
30,0.0300415,0.127739,5,0.127739
0.25,1.6,0.025,5,0.025
290,0.00163081,9.87223,3,9.87223
0.5,0.4,0.1,5,0.1
310,0.00235031,2.45824,5,2.45824
1,1.6,0.1,5,0.1
359,0.4,10,5,10
280,2.62869,25.0991,5,25.0991
1,0.01,0.4,5,0.4
359,1.6,0.016,5,0.016
350,1,16,5,16
0,0.04,25,4,25
20,0.158739,9.85213,5,9.85213
50,0.00609928,6.16391,5,6.16391
10,0.01,0.04,5,0.04
280,2.58454,2.47906,5,2.47906
359,0.63,0.016,3,0.016
355,0.1,10,3,10
70,0.0100663,0.153388,5,0.153388
15,0.702973,3.86775,5,3.86775
20,0.151652,0.154448,5,0.154448
85,0.0023881,4.12954,5,4.12954
15,0.00238534,0.154212,5,0.154212
15,0.0093194,0.366738,5,0.366738
5,0.004,25,3,25
0.25,4,4,5,4
2,0.1,2.5,5,2.5
30,0.648378,0.492058,5,0.492058
5,0.0063,16,3,16
359,1,0.025,5,0.025
290,1.6896,0.0967649,5,0.0967649
270,1.57999,4.15808,5,4.15808
1,0.16,6.3,5,6.3
20,0.00956024,0.95858,5,0.95858
350,1.6,0.1,3,0.1
355,0.04,25,4,25
5,0.01,6.3,5,6.3
330,0.00152828,0.0150378,3,0.0150378
20,0.0391043,9.72694,5,9.72694
280,0.395825,0.0244756,3,0.0244756
15,0.0754312,0.0248908,5,0.0248908
0.5,0.1,0.1,5,0.1
90,0.399654,0.157149,5,0.157149
10,4,0.1,1,0.1
270,0.362178,0.647254,4,0.647254
50,2.46032,24.8639,5,24.8639
10,4,10,1,10
330,1.59186,40.4685,5,40.4685
330,0.003809,25.2441,3,25.2441
280,0.0100444,10.0084,3,10.0084
2,0.063,4,5,4
15,1.04811,0.151886,5,0.151886
355,1,0.1,3,0.1
85,0.0154448,3.98508,5,3.98508
15,0.00910298,38.9726,4,38.9726
0.25,0.016,16,3,16
330,4.18861,0.622659,1,0.622659
2,0.1,1,5,1
15,0.00889159,0.154212,5,0.154212
30,0.640499,1.16636,5,1.16636
359,0.25,4,3,4
0,0.016,25,4,25
310,2.63794,0.0220673,1,0.0220673
0.5,0.1,4,5,4
0,0.16,16,4,16
280,1.01003,6.25642,4,6.25642
20,0.00986876,9.46,5,9.46
20,2.48499,0.242087,5,0.242087
80,0.145902,0.16292,5,0.16292
350,2.5,6.3,5,6.3
270,2.40144,1.04603,5,1.04603
30,0.661913,0.0228051,5,0.0228051
20,0.0241917,6.4131,5,6.4131
10,0.01,6.3,5,6.3
2,0.0159813,6.3,5,6.3
2,0.0025,0.025,5,0.025
80,0.0365174,26.8167,4,26.8167
10,0.01,0.025,5,0.025
0.25,4,1,5,1
355,4,0.63,1,0.63
330,3.98533,1.00946,1,1.00946
70,0.00595445,3.98785,5,3.98785
2,0.16,6.3,5,6.3
330,1.54991,0.997053,3,0.997053
350,1,25,5,25
0.5,2.5,0.63,5,0.63
2,0.025,25,4,25
310,0.0103663,2.37137,5,2.37137
0.25,0.063,16,4,16
330,0.604466,42.3538,4,42.3538
2,2.5,0.4,5,0.4
20,2.45859,1.61235,5,1.61235
355,0.0025,25,3,25
350,1,0.016,3,0.016
5,0.04,25,4,25
10,1.6,0.16,5,0.16
359,0.016,0.016,3,0.016
15,0.00244205,0.899074,5,0.899074
85,0.397302,3.99398,5,3.99398
350,0.25,6.3,3,6.3
50,0.00244859,0.061466,5,0.061466
70,0.00994953,2.44412,5,2.44412
0.5,0.1,16,4,16
1,0.25,16,4,16
80,0.101815,0.655525,5,0.655525
0,0.4,0.025,5,0.025
90,0.371803,9.94726,5,9.94726
2,4,1.6,1,1.6
359,1.6,4,5,4
0,0.188111,4,5,4
85,0.400456,0.156507,5,0.156507
5,0.016,25,4,25
90,0.0022086,2.43602,5,2.43602
5,2.09514,0.025,5,0.025
85,0.112554,1.53983,5,1.53983
270,0.00261522,0.10539,4,0.10539
90,0.960873,1.55638,5,1.55638
310,0.679682,0.0237137,5,0.0237137
80,0.905798,26.4983,5,26.4983
20,0.106888,0.0238944,5,0.0238944
50,0.00613538,3.74582,5,3.74582
5,0.1,16,4,16
0,0.0063,16,3,16
0.5,0.01,16,3,16
70,0.0396521,9.53273,5,9.53273
310,2.68186,0.582942,5,0.582942
359,0.25,25,4,25
10,0.01,10,5,10
0.25,0.0063,2.5,3,2.5
359,0.004,1.6,2,1.6
15,0.670704,0.147339,5,0.147339
10,0.16,0.25,5,0.25
270,1.57999,26.7122,5,26.7122
0,0.04,0.025,2,0.025
0,0.04,2.5,3,2.5
0,1.6,0.025,5,0.025
0,0.063,0.025,2,0.025
0.25,0.025,10,3,10
350,0.16,25,4,25
290,0.0027246,25.5421,3,25.5421
20,0.0151972,14.7863,4,14.7863
1,1,0.63,5,0.63
5,2.5,0.063,5,0.063
20,0.397582,9.78452,5,9.78452
359,0.01,25,4,25
10,0.25,25,4,25
350,0.63,16,4,16
359,0.1,1,3,1
359,0.01,1,2,1
5,0.01,0.1,5,0.1
30,0.0754334,0.482811,5,0.482811
350,1.6,0.16,3,0.16
0,2.5,0.063,5,0.063
290,2.52051,4.19391,5,4.19391
355,2.5,0.025,1,0.025
20,0.62573,24.2087,5,24.2087
10,0.004,25,3,25
0,0.25,0.1,5,0.1
50,0.163448,0.0398589,5,0.0398589
355,1.6,16,5,16
270,1.65522,0.677047,5,0.677047
350,0.1,4,3,4
5,1.6,0.025,5,0.025
280,0.00147656,0.0957234,3,0.0957234
290,2.51062,9.75294,5,9.75294
85,0.0158561,6.10625,5,6.10625
280,4.20277,0.608729,1,0.608729
280,2.62813,0.966154,1,0.966154
2,2.5,0.1,5,0.1
90,0.0373794,14.4505,4,14.4505
30,0.00376271,0.0798851,5,0.0798851
270,0.594854,0.657037,4,0.657037
70,0.992579,10.2501,5,10.2501
80,2.43623,0.174388,1,0.174388
355,1,10,5,10
359,1.6,1.6,5,1.6
90,0.00876002,9.77765,5,9.77765
50,3.95631,0.152464,1,0.152464
0,0.4,4,5,4
90,0.0038825,9.4738,5,9.4738
2,1,1,5,1
0.5,0.025,6.3,3,6.3
290,1.61167,0.0615611,5,0.0615611
50,0.100225,3.84395,5,3.84395
10,0.0063,10,5,10
330,2.42394,0.632716,5,0.632716
0,0.04,4,3,4
70,0.263164,9.86911,5,9.86911
15,1.75751,0.0245154,1,0.0245154
50,0.155734,14.304,4,14.304
270,2.51578,0.647254,5,0.647254
355,0.01,10,3,10
10,0.1,10,5,10
30,0.0288864,0.0788256,5,0.0788256
355,2.5,10,5,10
1,0.004,10,3,10
330,0.149346,0.0979002,3,0.0979002
15,2.17137,0.372355,5,0.372355
50,0.0153604,0.0388304,5,0.0388304
355,0.0025,16,3,16
70,3.68784,2.29837,1,2.29837
330,0.00954681,25.1981,4,25.1981
350,0.25,4,3,4
10,0.16,25,4,25
280,0.606892,1.02016,4,1.02016
290,0.00110338,0.00985352,1,0.00985352
290,2.45479,6.29876,5,6.29876
15,2.44205,0.0245154,1,0.0245154
80,0.0151247,10.2274,5,10.2274
355,0.04,10,3,10
270,1.03953,10.0753,5,10.0753
0.25,4,1.6,5,1.6
10,0.004,10,5,10
355,1.6,0.025,3,0.025
50,3.93192,0.23965,1,0.23965
0,0.01,16,3,16
2,0.6,25,5,25
310,1.08829,6.04296,5,6.04296
15,2.44205,0.0241456,1,0.0241456
20,0.251026,0.241476,5,0.241476
330,0.00611129,38.5423,4,38.5423
359,0.01,0.1,2,0.1
2,0.0025,1,5,1
20,0.0024479,3.79777,5,3.79777
10,0.1,0.16,5,0.16
50,1.52571,0.3809,5,0.3809
290,0.0638522,25.5332,4,25.5332
0,0.01,1.6,2,1.6
30,1.046,0.0236372,5,0.0236372
350,3,0.25,1,0.25
280,1.64924,2.52441,5,2.52441
330,0.00255691,15.3647,3,15.3647
85,0.00974815,2.51731,5,2.51731
0.5,0.0025,0.4,5,0.4
30,0.0118887,0.052433,5,0.052433
85,0.00974849,1.61855,5,1.61855
359,2.5,0.63,5,0.63
280,3.94326,1.58338,1,1.58338
90,3.53857,2.41043,1,2.41043
15,0.670704,0.372355,5,0.372355
0.5,2.5,6.3,5,6.3
330,0.990767,1.02778,3,1.02778
310,2.6237,0.153993,5,0.153993
70,0.0957907,6.29191,5,6.29191
20,0.00246482,1.521,5,1.521
1,0.0025,0.63,5,0.63
330,0.987986,0.0154014,3,0.0154014
310,0.159533,9.30572,5,9.30572
310,0.172063,14.3301,4,14.3301
350,0.063,25,4,25
0,0.025,6.3,3,6.3
0,0.25,1,5,1
70,0.992719,0.617474,5,0.617474
90,0.374846,6.23064,5,6.23064
20,0.00244,0.240156,5,0.240156
80,0.101815,1.61802,5,1.61802
15,0.439397,0.378057,5,0.378057
330,3.98645,1.54361,1,1.54361
10,2.5,0.1,5,0.1
80,0.0964662,16.6415,4,16.6415
330,3.7951,10.2044,5,10.2044
359,0.004,0.016,2,0.016
90,2.58873,1.60689,1,1.60689
15,0.0093194,2.41456,5,2.41456
0,2.5,0.4,5,0.4
310,0.0240527,6.04296,5,6.04296
1,0.01,16,3,16
10,0.1,0.25,5,0.25
10,1,0.4,5,0.4
0.5,2.5,0.025,5,0.025
310,4.04344,0.378552,1,0.378552
359,0.16,4,3,4
0.5,1,0.4,5,0.4
359,0.4,4,5,4
15,2.55955,0.232454,1,0.232454
90,0.912442,6.04211,5,6.04211
270,0.585702,10.86,4,10.86
350,0.16,0.1,3,0.1
2,0.0025,2.5,5,2.5
